fecha,cod_ine,ccaa,total,date,cum_confirmed_cases,adm1_name,c1_schoolclosing,c2_workplaceclosing,c3_cancelpublicevents,c4_restrictionsongatherings,c5_closepublictransport,c6_stayathomerequirements,c7_domestictravel,c8_internationaltravel,e1_incomesupport,e2_debtcontractrelief,h1_publicinfocampaign,h2_testingpolicy,h3_contacttracing,school_closure,work_from_home,no_public_gathering,no_private_gathering,transit_suspension,home_isolation,travel_ban_local,travel_ban_intl,t,dow,month,year,day,adm1_id,longest_series,l_cum_confirmed_cases,D_l_cum_confirmed_cases,sample_avg,day_avg,p_esp_1,p_esp_2,p_esp_3
"2020-03-03",1,"Andalucía",13,"2020-03-03",13,"Andalucía",0,0,0,0,0,0,0,0,0,2,2,1,1,0,0,0,0,0,0,0,0,03mar2020,2,3,2020,3,"Andalucía",0,2.564949,,,,0,0,0
"2020-03-04",1,"Andalucía",13,"2020-03-04",13,"Andalucía",0,0,0,0,0,0,0,0,0,2,2,1,1,0,0,0,0,0,0,0,0,04mar2020,3,3,2020,4,"Andalucía",0,2.564949,0,,,0,0,0
"2020-03-05",1,"Andalucía",12,"2020-03-05",12,"Andalucía",0,0,0,0,0,0,0,0,0,2,2,1,1,0,0,0,0,0,0,0,0,05mar2020,4,3,2020,5,"Andalucía",0,2.484907,,,,0,0,0
"2020-03-06",1,"Andalucía",21,"2020-03-06",21,"Andalucía",0,0,0,0,0,0,0,0,0,2,2,1,1,0,0,0,0,0,0,0,0,06mar2020,5,3,2020,6,"Andalucía",0,3.044523,.5596159,,,0,0,0
"2020-03-07",1,"Andalucía",27,"2020-03-07",27,"Andalucía",0,0,0,0,0,0,0,0,0,2,2,1,1,0,0,0,0,0,0,0,0,07mar2020,6,3,2020,7,"Andalucía",0,3.295837,.2513144,,,0,0,0
"2020-03-08",1,"Andalucía",35,"2020-03-08",35,"Andalucía",0,0,0,0,0,0,0,0,0,2,2,1,1,0,0,0,0,0,0,0,0,08mar2020,0,3,2020,8,"Andalucía",0,3.555348,.2595112,,,0,0,0
"2020-03-09",1,"Andalucía",54,"2020-03-09",54,"Andalucía",3,1,0,0,0,0,1,0,0,2,2,1,1,1,1,0,0,0,0,1,0,09mar2020,1,3,2020,9,"Andalucía",0,3.988984,.433636,,,1,0,0
"2020-03-10",1,"Andalucía",71,"2020-03-10",71,"Andalucía",3,1,2,1,0,0,1,3,0,2,2,1,1,1,1,1,1,0,0,1,1,10mar2020,2,3,2020,10,"Andalucía",0,4.26268,.2736959,,,1,1,0
"2020-03-11",1,"Andalucía",90,"2020-03-11",90,"Andalucía",3,1,2,1,0,0,1,3,0,2,2,1,1,1,1,1,1,0,0,1,1,11mar2020,3,3,2020,11,"Andalucía",0,4.49981,.2371297,,,1,1,0
"2020-03-12",1,"Andalucía",115,"2020-03-12",115,"Andalucía",3,1,2,1,0,0,1,3,0,2,2,1,1,1,1,1,1,0,0,1,1,12mar2020,4,3,2020,12,"Andalucía",0,4.744932,.2451224,,,1,1,0
"2020-03-13",1,"Andalucía",219,"2020-03-13",219,"Andalucía",3,1,2,1,0,0,1,3,0,2,2,1,1,1,1,1,1,0,0,1,1,13mar2020,5,3,2020,13,"Andalucía",0,5.389072,.6441398,,,1,1,0
"2020-03-14",1,"Andalucía",269,"2020-03-14",269,"Andalucía",3,2,2,1,1,2,1,3,0,2,2,1,1,1,1,1,1,1,1,1,1,14mar2020,6,3,2020,14,"Andalucía",0,5.594711,.2056394,,,1,1,1
"2020-03-15",1,"Andalucía",437,"2020-03-15",437,"Andalucía",3,2,2,1,1,2,1,3,0,2,2,1,1,1,1,1,1,1,1,1,1,15mar2020,0,3,2020,15,"Andalucía",0,6.079933,.4852219,,,1,1,1
"2020-03-16",1,"Andalucía",554,"2020-03-16",554,"Andalucía",3,2,2,1,1,2,1,3,0,2,2,1,1,1,1,1,1,1,1,1,1,16mar2020,1,3,2020,16,"Andalucía",0,6.317165,.2372317,,,1,1,1
"2020-03-17",1,"Andalucía",683,"2020-03-17",683,"Andalucía",3,2,2,1,1,2,1,4,0,2,2,1,1,1,1,1,1,1,1,1,1,17mar2020,2,3,2020,17,"Andalucía",0,6.526495,.2093301,,,1,1,1
"2020-03-18",1,"Andalucía",859,"2020-03-18",859,"Andalucía",3,2,2,1,1,2,1,4,2,2,2,1,1,1,1,1,1,1,1,1,1,18mar2020,3,3,2020,18,"Andalucía",0,6.755769,.2292738,,,1,1,1
"2020-03-19",1,"Andalucía",1008,"2020-03-19",1008,"Andalucía",3,2,2,1,1,2,1,4,2,2,2,1,1,1,1,1,1,1,1,1,1,19mar2020,4,3,2020,19,"Andalucía",0,6.915723,.1599545,,,1,1,1
"2020-03-20",1,"Andalucía",1287,"2020-03-20",1287,"Andalucía",3,2,2,1,1,2,1,4,2,2,2,1,1,1,1,1,1,1,1,1,1,20mar2020,5,3,2020,20,"Andalucía",0,7.160069,.2443457,,,1,1,1
"2020-03-21",1,"Andalucía",1515,"2020-03-21",1515,"Andalucía",3,2,2,1,1,2,1,4,2,2,2,1,1,1,1,1,1,1,1,1,1,21mar2020,6,3,2020,21,"Andalucía",0,7.323171,.1631017,,,1,1,1
"2020-03-22",1,"Andalucía",1725,"2020-03-22",1725,"Andalucía",3,2,2,1,1,2,1,4,2,2,2,1,1,1,1,1,1,1,1,1,1,22mar2020,0,3,2020,22,"Andalucía",0,7.452982,.1298118,,,1,1,1
"2020-03-23",1,"Andalucía",1961,"2020-03-23",1961,"Andalucía",3,2,2,1,1,2,1,4,2,2,2,1,1,1,1,1,1,1,1,1,1,23mar2020,1,3,2020,23,"Andalucía",0,7.58121,.1282272,,,1,1,1
"2020-03-24",1,"Andalucía",2471,"2020-03-24",2471,"Andalucía",3,2,2,1,1,2,1,4,2,2,2,1,1,1,1,1,1,1,1,1,1,24mar2020,2,3,2020,24,"Andalucía",0,7.812378,.2311687,,,1,1,1
"2020-03-25",1,"Andalucía",3010,"2020-03-25",3010,"Andalucía",3,2,2,1,1,2,1,4,2,2,2,1,1,1,1,1,1,1,1,1,1,25mar2020,3,3,2020,25,"Andalucía",0,8.009695,.1973166,,,1,1,1
"2020-03-03",2,"Aragón",0,"2020-03-03",,"Aragón",0,0,0,0,0,0,0,0,0,2,2,1,1,0,0,0,0,0,0,0,0,03mar2020,2,3,2020,3,"Aragón",0,,,,,0,0,0
"2020-03-04",2,"Aragón",0,"2020-03-04",,"Aragón",0,0,0,0,0,0,0,0,0,2,2,1,1,0,0,0,0,0,0,0,0,04mar2020,3,3,2020,4,"Aragón",0,,,,,0,0,0
"2020-03-05",2,"Aragón",1,"2020-03-05",,"Aragón",0,0,0,0,0,0,0,0,0,2,2,1,1,0,0,0,0,0,0,0,0,05mar2020,4,3,2020,5,"Aragón",0,,,,,0,0,0
"2020-03-06",2,"Aragón",6,"2020-03-06",,"Aragón",0,0,0,0,0,0,0,0,0,2,2,1,1,0,0,0,0,0,0,0,0,06mar2020,5,3,2020,6,"Aragón",0,,,,,0,0,0
"2020-03-07",2,"Aragón",11,"2020-03-07",11,"Aragón",0,0,0,0,0,0,0,0,0,2,2,1,1,0,0,0,0,0,0,0,0,07mar2020,6,3,2020,7,"Aragón",0,2.397895,,,,0,0,0
"2020-03-08",2,"Aragón",13,"2020-03-08",13,"Aragón",0,0,0,0,0,0,0,0,0,2,2,1,1,0,0,0,0,0,0,0,0,08mar2020,0,3,2020,8,"Aragón",0,2.564949,.1670539,,,0,0,0
"2020-03-09",2,"Aragón",13,"2020-03-09",13,"Aragón",3,1,0,0,0,0,1,0,0,2,2,1,1,1,1,0,0,0,0,1,0,09mar2020,1,3,2020,9,"Aragón",0,2.564949,0,,,1,0,0
"2020-03-10",2,"Aragón",38,"2020-03-10",38,"Aragón",3,1,2,1,0,0,1,3,0,2,2,1,1,1,1,1,1,0,0,1,1,10mar2020,2,3,2020,10,"Aragón",0,3.637586,1.072637,,,1,1,0
"2020-03-11",2,"Aragón",45,"2020-03-11",45,"Aragón",3,1,2,1,0,0,1,3,0,2,2,1,1,1,1,1,1,0,0,1,1,11mar2020,3,3,2020,11,"Aragón",0,3.806663,.1690764,,,1,1,0
"2020-03-12",2,"Aragón",64,"2020-03-12",64,"Aragón",3,1,2,1,0,0,1,3,0,2,2,1,1,1,1,1,1,0,0,1,1,12mar2020,4,3,2020,12,"Aragón",0,4.158883,.3522205,,,1,1,0
"2020-03-13",2,"Aragón",80,"2020-03-13",80,"Aragón",3,1,2,1,0,0,1,3,0,2,2,1,1,1,1,1,1,0,0,1,1,13mar2020,5,3,2020,13,"Aragón",0,4.382027,.2231436,,,1,1,0
"2020-03-14",2,"Aragón",80,"2020-03-14",80,"Aragón",3,2,2,1,1,2,1,3,0,2,2,1,1,1,1,1,1,1,1,1,1,14mar2020,6,3,2020,14,"Aragón",0,4.382027,0,,,1,1,1
"2020-03-15",2,"Aragón",147,"2020-03-15",147,"Aragón",3,2,2,1,1,2,1,3,0,2,2,1,1,1,1,1,1,1,1,1,1,15mar2020,0,3,2020,15,"Aragón",0,4.990433,.6084061,,,1,1,1
"2020-03-16",2,"Aragón",174,"2020-03-16",174,"Aragón",3,2,2,1,1,2,1,3,0,2,2,1,1,1,1,1,1,1,1,1,1,16mar2020,1,3,2020,16,"Aragón",0,5.159055,.1686225,,,1,1,1
"2020-03-17",2,"Aragón",207,"2020-03-17",207,"Aragón",3,2,2,1,1,2,1,4,0,2,2,1,1,1,1,1,1,1,1,1,1,17mar2020,2,3,2020,17,"Aragón",0,5.332719,.1736636,,,1,1,1
"2020-03-18",2,"Aragón",226,"2020-03-18",226,"Aragón",3,2,2,1,1,2,1,4,2,2,2,1,1,1,1,1,1,1,1,1,1,18mar2020,3,3,2020,18,"Aragón",0,5.420535,.0878162,,,1,1,1
"2020-03-19",2,"Aragón",281,"2020-03-19",281,"Aragón",3,2,2,1,1,2,1,4,2,2,2,1,1,1,1,1,1,1,1,1,1,19mar2020,4,3,2020,19,"Aragón",0,5.638355,.2178197,,,1,1,1
"2020-03-20",2,"Aragón",360,"2020-03-20",360,"Aragón",3,2,2,1,1,2,1,4,2,2,2,1,1,1,1,1,1,1,1,1,1,20mar2020,5,3,2020,20,"Aragón",0,5.886104,.2477493,,,1,1,1
"2020-03-21",2,"Aragón",424,"2020-03-21",424,"Aragón",3,2,2,1,1,2,1,4,2,2,2,1,1,1,1,1,1,1,1,1,1,21mar2020,6,3,2020,21,"Aragón",0,6.049734,.1636295,,,1,1,1
"2020-03-22",2,"Aragón",532,"2020-03-22",532,"Aragón",3,2,2,1,1,2,1,4,2,2,2,1,1,1,1,1,1,1,1,1,1,22mar2020,0,3,2020,22,"Aragón",0,6.276643,.2269096,,,1,1,1
"2020-03-23",2,"Aragón",638,"2020-03-23",638,"Aragón",3,2,2,1,1,2,1,4,2,2,2,1,1,1,1,1,1,1,1,1,1,23mar2020,1,3,2020,23,"Aragón",0,6.458338,.181695,,,1,1,1
"2020-03-24",2,"Aragón",758,"2020-03-24",758,"Aragón",3,2,2,1,1,2,1,4,2,2,2,1,1,1,1,1,1,1,1,1,1,24mar2020,2,3,2020,24,"Aragón",0,6.630683,.1723452,,,1,1,1
"2020-03-25",2,"Aragón",907,"2020-03-25",907,"Aragón",3,2,2,1,1,2,1,4,2,2,2,1,1,1,1,1,1,1,1,1,1,25mar2020,3,3,2020,25,"Aragón",0,6.810143,.1794591,,,1,1,1
"2020-03-03",3,"Asturias",1,"2020-03-03",,"Asturias",0,0,0,0,0,0,0,0,0,2,2,1,1,0,0,0,0,0,0,0,0,03mar2020,2,3,2020,3,"Asturias",0,,,,,0,0,0
"2020-03-04",3,"Asturias",2,"2020-03-04",,"Asturias",0,0,0,0,0,0,0,0,0,2,2,1,1,0,0,0,0,0,0,0,0,04mar2020,3,3,2020,4,"Asturias",0,,,,,0,0,0
"2020-03-05",3,"Asturias",5,"2020-03-05",,"Asturias",0,0,0,0,0,0,0,0,0,2,2,1,1,0,0,0,0,0,0,0,0,05mar2020,4,3,2020,5,"Asturias",0,,,,,0,0,0
"2020-03-06",3,"Asturias",5,"2020-03-06",,"Asturias",0,0,0,0,0,0,0,0,0,2,2,1,1,0,0,0,0,0,0,0,0,06mar2020,5,3,2020,6,"Asturias",0,,,,,0,0,0
"2020-03-07",3,"Asturias",5,"2020-03-07",,"Asturias",0,0,0,0,0,0,0,0,0,2,2,1,1,0,0,0,0,0,0,0,0,07mar2020,6,3,2020,7,"Asturias",0,,,,,0,0,0
"2020-03-08",3,"Asturias",7,"2020-03-08",,"Asturias",0,0,0,0,0,0,0,0,0,2,2,1,1,0,0,0,0,0,0,0,0,08mar2020,0,3,2020,8,"Asturias",0,,,,,0,0,0
"2020-03-09",3,"Asturias",7,"2020-03-09",,"Asturias",3,1,0,0,0,0,1,0,0,2,2,1,1,1,1,0,0,0,0,1,0,09mar2020,1,3,2020,9,"Asturias",0,,,,,1,0,0
"2020-03-10",3,"Asturias",22,"2020-03-10",22,"Asturias",3,1,2,1,0,0,1,3,0,2,2,1,1,1,1,1,1,0,0,1,1,10mar2020,2,3,2020,10,"Asturias",0,3.091043,,,,1,1,0
"2020-03-11",3,"Asturias",32,"2020-03-11",32,"Asturias",3,1,2,1,0,0,1,3,0,2,2,1,1,1,1,1,1,0,0,1,1,11mar2020,3,3,2020,11,"Asturias",0,3.465736,.3746934,,,1,1,0
"2020-03-12",3,"Asturias",47,"2020-03-12",47,"Asturias",3,1,2,1,0,0,1,3,0,2,2,1,1,1,1,1,1,0,0,1,1,12mar2020,4,3,2020,12,"Asturias",0,3.850147,.3844116,,,1,1,0
"2020-03-13",3,"Asturias",67,"2020-03-13",67,"Asturias",3,1,2,1,0,0,1,3,0,2,2,1,1,1,1,1,1,0,0,1,1,13mar2020,5,3,2020,13,"Asturias",0,4.204693,.3545454,,,1,1,0
"2020-03-14",3,"Asturias",92,"2020-03-14",92,"Asturias",3,2,2,1,1,2,1,3,0,2,2,1,1,1,1,1,1,1,1,1,1,14mar2020,6,3,2020,14,"Asturias",0,4.521789,.3170958,,,1,1,1
"2020-03-15",3,"Asturias",137,"2020-03-15",137,"Asturias",3,2,2,1,1,2,1,3,0,2,2,1,1,1,1,1,1,1,1,1,1,15mar2020,0,3,2020,15,"Asturias",0,4.919981,.3981924,,,1,1,1
"2020-03-16",3,"Asturias",177,"2020-03-16",177,"Asturias",3,2,2,1,1,2,1,3,0,2,2,1,1,1,1,1,1,1,1,1,1,16mar2020,1,3,2020,16,"Asturias",0,5.17615,.2561688,,,1,1,1
"2020-03-17",3,"Asturias",193,"2020-03-17",193,"Asturias",3,2,2,1,1,2,1,4,0,2,2,1,1,1,1,1,1,1,1,1,1,17mar2020,2,3,2020,17,"Asturias",0,5.26269,.0865402,,,1,1,1
"2020-03-18",3,"Asturias",242,"2020-03-18",242,"Asturias",3,2,2,1,1,2,1,4,2,2,2,1,1,1,1,1,1,1,1,1,1,18mar2020,3,3,2020,18,"Asturias",0,5.488938,.2262478,,,1,1,1
"2020-03-19",3,"Asturias",292,"2020-03-19",292,"Asturias",3,2,2,1,1,2,1,4,2,2,2,1,1,1,1,1,1,1,1,1,1,19mar2020,4,3,2020,19,"Asturias",0,5.676754,.1878161,,,1,1,1
"2020-03-20",3,"Asturias",344,"2020-03-20",344,"Asturias",3,2,2,1,1,2,1,4,2,2,2,1,1,1,1,1,1,1,1,1,1,20mar2020,5,3,2020,20,"Asturias",0,5.840641,.1638875,,,1,1,1
"2020-03-21",3,"Asturias",486,"2020-03-21",486,"Asturias",3,2,2,1,1,2,1,4,2,2,2,1,1,1,1,1,1,1,1,1,1,21mar2020,6,3,2020,21,"Asturias",0,6.186209,.3455672,,,1,1,1
"2020-03-22",3,"Asturias",545,"2020-03-22",545,"Asturias",3,2,2,1,1,2,1,4,2,2,2,1,1,1,1,1,1,1,1,1,1,22mar2020,0,3,2020,22,"Asturias",0,6.300786,.1145773,,,1,1,1
"2020-03-23",3,"Asturias",594,"2020-03-23",594,"Asturias",3,2,2,1,1,2,1,4,2,2,2,1,1,1,1,1,1,1,1,1,1,23mar2020,1,3,2020,23,"Asturias",0,6.386879,.0860934,,,1,1,1
"2020-03-24",3,"Asturias",662,"2020-03-24",662,"Asturias",3,2,2,1,1,2,1,4,2,2,2,1,1,1,1,1,1,1,1,1,1,24mar2020,2,3,2020,24,"Asturias",0,6.495265,.108386,,,1,1,1
"2020-03-25",3,"Asturias",779,"2020-03-25",779,"Asturias",3,2,2,1,1,2,1,4,2,2,2,1,1,1,1,1,1,1,1,1,1,25mar2020,3,3,2020,25,"Asturias",0,6.658011,.1627455,,,1,1,1
"2020-03-03",4,"Baleares",2,"2020-03-03",,"Baleares",0,0,0,0,0,0,0,0,0,2,2,1,1,0,0,0,0,0,0,0,0,03mar2020,2,3,2020,3,"Baleares",0,,,,,0,0,0
"2020-03-04",4,"Baleares",5,"2020-03-04",,"Baleares",0,0,0,0,0,0,0,0,0,2,2,1,1,0,0,0,0,0,0,0,0,04mar2020,3,3,2020,4,"Baleares",0,,,,,0,0,0
"2020-03-05",4,"Baleares",6,"2020-03-05",,"Baleares",0,0,0,0,0,0,0,0,0,2,2,1,1,0,0,0,0,0,0,0,0,05mar2020,4,3,2020,5,"Baleares",0,,,,,0,0,0
"2020-03-06",4,"Baleares",6,"2020-03-06",,"Baleares",0,0,0,0,0,0,0,0,0,2,2,1,1,0,0,0,0,0,0,0,0,06mar2020,5,3,2020,6,"Baleares",0,,,,,0,0,0
"2020-03-07",4,"Baleares",6,"2020-03-07",,"Baleares",0,0,0,0,0,0,0,0,0,2,2,1,1,0,0,0,0,0,0,0,0,07mar2020,6,3,2020,7,"Baleares",0,,,,,0,0,0
"2020-03-08",4,"Baleares",8,"2020-03-08",,"Baleares",0,0,0,0,0,0,0,0,0,2,2,1,1,0,0,0,0,0,0,0,0,08mar2020,0,3,2020,8,"Baleares",0,,,,,0,0,0
"2020-03-09",4,"Baleares",11,"2020-03-09",11,"Baleares",3,1,0,0,0,0,1,0,0,2,2,1,1,1,1,0,0,0,0,1,0,09mar2020,1,3,2020,9,"Baleares",0,2.397895,,,,1,0,0
"2020-03-10",4,"Baleares",13,"2020-03-10",13,"Baleares",3,1,2,1,0,0,1,3,0,2,2,1,1,1,1,1,1,0,0,1,1,10mar2020,2,3,2020,10,"Baleares",0,2.564949,.1670539,,,1,1,0
"2020-03-11",4,"Baleares",16,"2020-03-11",16,"Baleares",3,1,2,1,0,0,1,3,0,2,2,1,1,1,1,1,1,0,0,1,1,11mar2020,3,3,2020,11,"Baleares",0,2.772589,.2076395,,,1,1,0
"2020-03-12",4,"Baleares",22,"2020-03-12",22,"Baleares",3,1,2,1,0,0,1,3,0,2,2,1,1,1,1,1,1,0,0,1,1,12mar2020,4,3,2020,12,"Baleares",0,3.091043,.3184538,,,1,1,0
"2020-03-13",4,"Baleares",30,"2020-03-13",30,"Baleares",3,1,2,1,0,0,1,3,0,2,2,1,1,1,1,1,1,0,0,1,1,13mar2020,5,3,2020,13,"Baleares",0,3.401197,.3101549,,,1,1,0
"2020-03-14",4,"Baleares",28,"2020-03-14",28,"Baleares",3,2,2,1,1,2,1,3,0,2,2,1,1,1,1,1,1,1,1,1,1,14mar2020,6,3,2020,14,"Baleares",0,3.332205,,,,1,1,1
"2020-03-15",4,"Baleares",28,"2020-03-15",28,"Baleares",3,2,2,1,1,2,1,3,0,2,2,1,1,1,1,1,1,1,1,1,1,15mar2020,0,3,2020,15,"Baleares",0,3.332205,0,,,1,1,1
"2020-03-16",4,"Baleares",73,"2020-03-16",73,"Baleares",3,2,2,1,1,2,1,3,0,2,2,1,1,1,1,1,1,1,1,1,1,16mar2020,1,3,2020,16,"Baleares",0,4.29046,.9582551,,,1,1,1
"2020-03-17",4,"Baleares",92,"2020-03-17",92,"Baleares",3,2,2,1,1,2,1,4,0,2,2,1,1,1,1,1,1,1,1,1,1,17mar2020,2,3,2020,17,"Baleares",0,4.521789,.231329,,,1,1,1
"2020-03-18",4,"Baleares",112,"2020-03-18",112,"Baleares",3,2,2,1,1,2,1,4,2,2,2,1,1,1,1,1,1,1,1,1,1,18mar2020,3,3,2020,18,"Baleares",0,4.718499,.1967101,,,1,1,1
"2020-03-19",4,"Baleares",169,"2020-03-19",169,"Baleares",3,2,2,1,1,2,1,4,2,2,2,1,1,1,1,1,1,1,1,1,1,19mar2020,4,3,2020,19,"Baleares",0,5.129899,.4113998,,,1,1,1
"2020-03-20",4,"Baleares",203,"2020-03-20",203,"Baleares",3,2,2,1,1,2,1,4,2,2,2,1,1,1,1,1,1,1,1,1,1,20mar2020,5,3,2020,20,"Baleares",0,5.313206,.1833076,,,1,1,1
"2020-03-21",4,"Baleares",246,"2020-03-21",246,"Baleares",3,2,2,1,1,2,1,4,2,2,2,1,1,1,1,1,1,1,1,1,1,21mar2020,6,3,2020,21,"Baleares",0,5.505332,.1921253,,,1,1,1
"2020-03-22",4,"Baleares",331,"2020-03-22",331,"Baleares",3,2,2,1,1,2,1,4,2,2,2,1,1,1,1,1,1,1,1,1,1,22mar2020,0,3,2020,22,"Baleares",0,5.802118,.2967868,,,1,1,1
"2020-03-23",4,"Baleares",400,"2020-03-23",400,"Baleares",3,2,2,1,1,2,1,4,2,2,2,1,1,1,1,1,1,1,1,1,1,23mar2020,1,3,2020,23,"Baleares",0,5.991465,.1893463,,,1,1,1
"2020-03-24",4,"Baleares",478,"2020-03-24",478,"Baleares",3,2,2,1,1,2,1,4,2,2,2,1,1,1,1,1,1,1,1,1,1,24mar2020,2,3,2020,24,"Baleares",0,6.169611,.1781459,,,1,1,1
"2020-03-25",4,"Baleares",562,"2020-03-25",562,"Baleares",3,2,2,1,1,2,1,4,2,2,2,1,1,1,1,1,1,1,1,1,1,25mar2020,3,3,2020,25,"Baleares",0,6.331502,.1618915,,,1,1,1
"2020-03-03",10,"C. Valenciana",15,"2020-03-03",15,"C. Valenciana",0,0,0,0,0,0,0,0,0,2,2,1,1,0,0,0,0,0,0,0,0,03mar2020,2,3,2020,3,"C. Valenciana",0,2.70805,,,,0,0,0
"2020-03-04",10,"C. Valenciana",19,"2020-03-04",19,"C. Valenciana",0,0,0,0,0,0,0,0,0,2,2,1,1,0,0,0,0,0,0,0,0,04mar2020,3,3,2020,4,"C. Valenciana",0,2.944439,.2363887,,,0,0,0
"2020-03-05",10,"C. Valenciana",19,"2020-03-05",19,"C. Valenciana",0,0,0,0,0,0,0,0,0,2,2,1,1,0,0,0,0,0,0,0,0,05mar2020,4,3,2020,5,"C. Valenciana",0,2.944439,0,,,0,0,0
"2020-03-06",10,"C. Valenciana",30,"2020-03-06",30,"C. Valenciana",0,0,0,0,0,0,0,0,0,2,2,1,1,0,0,0,0,0,0,0,0,06mar2020,5,3,2020,6,"C. Valenciana",0,3.401197,.4567585,,,0,0,0
"2020-03-07",10,"C. Valenciana",30,"2020-03-07",30,"C. Valenciana",0,0,0,0,0,0,0,0,0,2,2,1,1,0,0,0,0,0,0,0,0,07mar2020,6,3,2020,7,"C. Valenciana",0,3.401197,0,,,0,0,0
"2020-03-08",10,"C. Valenciana",37,"2020-03-08",37,"C. Valenciana",0,0,0,0,0,0,0,0,0,2,2,1,1,0,0,0,0,0,0,0,0,08mar2020,0,3,2020,8,"C. Valenciana",0,3.610918,.2097204,,,0,0,0
"2020-03-09",10,"C. Valenciana",37,"2020-03-09",37,"C. Valenciana",3,1,0,0,0,0,1,0,0,2,2,1,1,1,1,0,0,0,0,1,0,09mar2020,1,3,2020,9,"C. Valenciana",0,3.610918,0,,,1,0,0
"2020-03-10",10,"C. Valenciana",50,"2020-03-10",50,"C. Valenciana",3,1,2,1,0,0,1,3,0,2,2,1,1,1,1,1,1,0,0,1,1,10mar2020,2,3,2020,10,"C. Valenciana",0,3.912023,.3011053,,,1,1,0
"2020-03-11",10,"C. Valenciana",65,"2020-03-11",65,"C. Valenciana",3,1,2,1,0,0,1,3,0,2,2,1,1,1,1,1,1,0,0,1,1,11mar2020,3,3,2020,11,"C. Valenciana",0,4.174387,.2623644,,,1,1,0
"2020-03-12",10,"C. Valenciana",76,"2020-03-12",76,"C. Valenciana",3,1,2,1,0,0,1,3,0,2,2,1,1,1,1,1,1,0,0,1,1,12mar2020,4,3,2020,12,"C. Valenciana",0,4.330733,.1563458,,,1,1,0
"2020-03-13",10,"C. Valenciana",94,"2020-03-13",94,"C. Valenciana",3,1,2,1,0,0,1,3,0,2,2,1,1,1,1,1,1,0,0,1,1,13mar2020,5,3,2020,13,"C. Valenciana",0,4.543295,.2125616,,,1,1,0
"2020-03-14",10,"C. Valenciana",130,"2020-03-14",130,"C. Valenciana",3,2,2,1,1,2,1,3,0,2,2,1,1,1,1,1,1,1,1,1,1,14mar2020,6,3,2020,14,"C. Valenciana",0,4.867535,.3242397,,,1,1,1
"2020-03-15",10,"C. Valenciana",409,"2020-03-15",409,"C. Valenciana",3,2,2,1,1,2,1,3,0,2,2,1,1,1,1,1,1,1,1,1,1,15mar2020,0,3,2020,15,"C. Valenciana",0,6.013715,1.146181,,,1,1,1
"2020-03-16",10,"C. Valenciana",409,"2020-03-16",409,"C. Valenciana",3,2,2,1,1,2,1,3,0,2,2,1,1,1,1,1,1,1,1,1,1,16mar2020,1,3,2020,16,"C. Valenciana",0,6.013715,0,,,1,1,1
"2020-03-17",10,"C. Valenciana",541,"2020-03-17",541,"C. Valenciana",3,2,2,1,1,2,1,4,0,2,2,1,1,1,1,1,1,1,1,1,1,17mar2020,2,3,2020,17,"C. Valenciana",0,6.293419,.2797041,,,1,1,1
"2020-03-18",10,"C. Valenciana",726,"2020-03-18",726,"C. Valenciana",3,2,2,1,1,2,1,4,2,2,2,1,1,1,1,1,1,1,1,1,1,18mar2020,3,3,2020,18,"C. Valenciana",0,6.58755,.2941308,,,1,1,1
"2020-03-19",10,"C. Valenciana",921,"2020-03-19",921,"C. Valenciana",3,2,2,1,1,2,1,4,2,2,2,1,1,1,1,1,1,1,1,1,1,19mar2020,4,3,2020,19,"C. Valenciana",0,6.82546,.2379098,,,1,1,1
"2020-03-20",10,"C. Valenciana",1105,"2020-03-20",1105,"C. Valenciana",3,2,2,1,1,2,1,4,2,2,2,1,1,1,1,1,1,1,1,1,1,20mar2020,5,3,2020,20,"C. Valenciana",0,7.007601,.1821408,,,1,1,1
"2020-03-21",10,"C. Valenciana",1363,"2020-03-21",1363,"C. Valenciana",3,2,2,1,1,2,1,4,2,2,2,1,1,1,1,1,1,1,1,1,1,21mar2020,6,3,2020,21,"C. Valenciana",0,7.217443,.2098427,,,1,1,1
"2020-03-22",10,"C. Valenciana",1604,"2020-03-22",1604,"C. Valenciana",3,2,2,1,1,2,1,4,2,2,2,1,1,1,1,1,1,1,1,1,1,22mar2020,0,3,2020,22,"C. Valenciana",0,7.380256,.1628122,,,1,1,1
"2020-03-23",10,"C. Valenciana",1901,"2020-03-23",1901,"C. Valenciana",3,2,2,1,1,2,1,4,2,2,2,1,1,1,1,1,1,1,1,1,1,23mar2020,1,3,2020,23,"C. Valenciana",0,7.550135,.1698794,,,1,1,1
"2020-03-24",10,"C. Valenciana",2167,"2020-03-24",2167,"C. Valenciana",3,2,2,1,1,2,1,4,2,2,2,1,1,1,1,1,1,1,1,1,1,24mar2020,2,3,2020,24,"C. Valenciana",0,7.681099,.1309638,,,1,1,1
"2020-03-25",10,"C. Valenciana",2616,"2020-03-25",2616,"C. Valenciana",3,2,2,1,1,2,1,4,2,2,2,1,1,1,1,1,1,1,1,1,1,25mar2020,3,3,2020,25,"C. Valenciana",0,7.869402,.188303,,,1,1,1
"2020-03-03",5,"Canarias",7,"2020-03-03",,"Canarias",0,0,0,0,0,0,0,0,0,2,2,1,1,0,0,0,0,0,0,0,0,03mar2020,2,3,2020,3,"Canarias",0,,,,,0,0,0
"2020-03-04",5,"Canarias",7,"2020-03-04",,"Canarias",0,0,0,0,0,0,0,0,0,2,2,1,1,0,0,0,0,0,0,0,0,04mar2020,3,3,2020,4,"Canarias",0,,,,,0,0,0
"2020-03-05",5,"Canarias",8,"2020-03-05",,"Canarias",0,0,0,0,0,0,0,0,0,2,2,1,1,0,0,0,0,0,0,0,0,05mar2020,4,3,2020,5,"Canarias",0,,,,,0,0,0
"2020-03-06",5,"Canarias",11,"2020-03-06",11,"Canarias",0,0,0,0,0,0,0,0,0,2,2,1,1,0,0,0,0,0,0,0,0,06mar2020,5,3,2020,6,"Canarias",0,2.397895,,,,0,0,0
"2020-03-07",5,"Canarias",18,"2020-03-07",18,"Canarias",0,0,0,0,0,0,0,0,0,2,2,1,1,0,0,0,0,0,0,0,0,07mar2020,6,3,2020,7,"Canarias",0,2.890372,.4924765,,,0,0,0
"2020-03-08",5,"Canarias",17,"2020-03-08",17,"Canarias",0,0,0,0,0,0,0,0,0,2,2,1,1,0,0,0,0,0,0,0,0,08mar2020,0,3,2020,8,"Canarias",0,2.833213,,,,0,0,0
"2020-03-09",5,"Canarias",22,"2020-03-09",22,"Canarias",3,1,0,0,0,0,1,0,0,2,2,1,1,1,1,0,0,0,0,1,0,09mar2020,1,3,2020,9,"Canarias",0,3.091043,.2578292,,,1,0,0
"2020-03-10",5,"Canarias",25,"2020-03-10",25,"Canarias",3,1,2,1,0,0,1,3,0,2,2,1,1,1,1,1,1,0,0,1,1,10mar2020,2,3,2020,10,"Canarias",0,3.218876,.1278334,,,1,1,0
"2020-03-11",5,"Canarias",37,"2020-03-11",37,"Canarias",3,1,2,1,0,0,1,3,0,2,2,1,1,1,1,1,1,0,0,1,1,11mar2020,3,3,2020,11,"Canarias",0,3.610918,.3920419,,,1,1,0
"2020-03-12",5,"Canarias",51,"2020-03-12",51,"Canarias",3,1,2,1,0,0,1,3,0,2,2,1,1,1,1,1,1,0,0,1,1,12mar2020,4,3,2020,12,"Canarias",0,3.931826,.3209078,,,1,1,0
"2020-03-13",5,"Canarias",70,"2020-03-13",70,"Canarias",3,1,2,1,0,0,1,3,0,2,2,1,1,1,1,1,1,0,0,1,1,13mar2020,5,3,2020,13,"Canarias",0,4.248495,.3166695,,,1,1,0
"2020-03-14",5,"Canarias",90,"2020-03-14",90,"Canarias",3,2,2,1,1,2,1,3,0,2,2,1,1,1,1,1,1,1,1,1,1,14mar2020,6,3,2020,14,"Canarias",0,4.49981,.2513146,,,1,1,1
"2020-03-15",5,"Canarias",109,"2020-03-15",109,"Canarias",3,2,2,1,1,2,1,3,0,2,2,1,1,1,1,1,1,1,1,1,1,15mar2020,0,3,2020,15,"Canarias",0,4.691348,.1915383,,,1,1,1
"2020-03-16",5,"Canarias",119,"2020-03-16",119,"Canarias",3,2,2,1,1,2,1,3,0,2,2,1,1,1,1,1,1,1,1,1,1,16mar2020,1,3,2020,16,"Canarias",0,4.779123,.0877752,,,1,1,1
"2020-03-17",5,"Canarias",148,"2020-03-17",148,"Canarias",3,2,2,1,1,2,1,4,0,2,2,1,1,1,1,1,1,1,1,1,1,17mar2020,2,3,2020,17,"Canarias",0,4.997212,.2180891,,,1,1,1
"2020-03-18",5,"Canarias",181,"2020-03-18",181,"Canarias",3,2,2,1,1,2,1,4,2,2,2,1,1,1,1,1,1,1,1,1,1,18mar2020,3,3,2020,18,"Canarias",0,5.198497,.2012844,,,1,1,1
"2020-03-19",5,"Canarias",220,"2020-03-19",220,"Canarias",3,2,2,1,1,2,1,4,2,2,2,1,1,1,1,1,1,1,1,1,1,19mar2020,4,3,2020,19,"Canarias",0,5.393628,.1951308,,,1,1,1
"2020-03-20",5,"Canarias",287,"2020-03-20",287,"Canarias",3,2,2,1,1,2,1,4,2,2,2,1,1,1,1,1,1,1,1,1,1,20mar2020,5,3,2020,20,"Canarias",0,5.659482,.2658544,,,1,1,1
"2020-03-21",5,"Canarias",348,"2020-03-21",348,"Canarias",3,2,2,1,1,2,1,4,2,2,2,1,1,1,1,1,1,1,1,1,1,21mar2020,6,3,2020,21,"Canarias",0,5.852202,.1927204,,,1,1,1
"2020-03-22",5,"Canarias",414,"2020-03-22",414,"Canarias",3,2,2,1,1,2,1,4,2,2,2,1,1,1,1,1,1,1,1,1,1,22mar2020,0,3,2020,22,"Canarias",0,6.025866,.1736636,,,1,1,1
"2020-03-23",5,"Canarias",481,"2020-03-23",481,"Canarias",3,2,2,1,1,2,1,4,2,2,2,1,1,1,1,1,1,1,1,1,1,23mar2020,1,3,2020,23,"Canarias",0,6.175867,.150001,,,1,1,1
"2020-03-24",5,"Canarias",557,"2020-03-24",557,"Canarias",3,2,2,1,1,2,1,4,2,2,2,1,1,1,1,1,1,1,1,1,1,24mar2020,2,3,2020,24,"Canarias",0,6.322565,.146698,,,1,1,1
"2020-03-25",5,"Canarias",657,"2020-03-25",657,"Canarias",3,2,2,1,1,2,1,4,2,2,2,1,1,1,1,1,1,1,1,1,1,25mar2020,3,3,2020,25,"Canarias",0,6.487684,.1651192,,,1,1,1
"2020-03-03",6,"Cantabria",10,"2020-03-03",10,"Cantabria",0,0,0,0,0,0,0,0,0,2,2,1,1,0,0,0,0,0,0,0,0,03mar2020,2,3,2020,3,"Cantabria",0,2.302585,,,,0,0,0
"2020-03-04",6,"Cantabria",10,"2020-03-04",10,"Cantabria",0,0,0,0,0,0,0,0,0,2,2,1,1,0,0,0,0,0,0,0,0,04mar2020,3,3,2020,4,"Cantabria",0,2.302585,0,,,0,0,0
"2020-03-05",6,"Cantabria",10,"2020-03-05",10,"Cantabria",0,0,0,0,0,0,0,0,0,2,2,1,1,0,0,0,0,0,0,0,0,05mar2020,4,3,2020,5,"Cantabria",0,2.302585,0,,,0,0,0
"2020-03-06",6,"Cantabria",10,"2020-03-06",10,"Cantabria",0,0,0,0,0,0,0,0,0,2,2,1,1,0,0,0,0,0,0,0,0,06mar2020,5,3,2020,6,"Cantabria",0,2.302585,0,,,0,0,0
"2020-03-07",6,"Cantabria",10,"2020-03-07",10,"Cantabria",0,0,0,0,0,0,0,0,0,2,2,1,1,0,0,0,0,0,0,0,0,07mar2020,6,3,2020,7,"Cantabria",0,2.302585,0,,,0,0,0
"2020-03-08",6,"Cantabria",12,"2020-03-08",12,"Cantabria",0,0,0,0,0,0,0,0,0,2,2,1,1,0,0,0,0,0,0,0,0,08mar2020,0,3,2020,8,"Cantabria",0,2.484907,.1823215,,,0,0,0
"2020-03-09",6,"Cantabria",12,"2020-03-09",12,"Cantabria",3,1,0,0,0,0,1,0,0,2,2,1,1,1,1,0,0,0,0,1,0,09mar2020,1,3,2020,9,"Cantabria",0,2.484907,0,,,1,0,0
"2020-03-10",6,"Cantabria",12,"2020-03-10",12,"Cantabria",3,1,2,1,0,0,1,3,0,2,2,1,1,1,1,1,1,0,0,1,1,10mar2020,2,3,2020,10,"Cantabria",0,2.484907,0,,,1,1,0
"2020-03-11",6,"Cantabria",12,"2020-03-11",12,"Cantabria",3,1,2,1,0,0,1,3,0,2,2,1,1,1,1,1,1,0,0,1,1,11mar2020,3,3,2020,11,"Cantabria",0,2.484907,0,,,1,1,0
"2020-03-12",6,"Cantabria",16,"2020-03-12",16,"Cantabria",3,1,2,1,0,0,1,3,0,2,2,1,1,1,1,1,1,0,0,1,1,12mar2020,4,3,2020,12,"Cantabria",0,2.772589,.2876821,,,1,1,0
"2020-03-13",6,"Cantabria",29,"2020-03-13",29,"Cantabria",3,1,2,1,0,0,1,3,0,2,2,1,1,1,1,1,1,0,0,1,1,13mar2020,5,3,2020,13,"Cantabria",0,3.367296,.594707,,,1,1,0
"2020-03-14",6,"Cantabria",31,"2020-03-14",31,"Cantabria",3,2,2,1,1,2,1,3,0,2,2,1,1,1,1,1,1,1,1,1,1,14mar2020,6,3,2020,14,"Cantabria",0,3.433987,.0666914,,,1,1,1
"2020-03-15",6,"Cantabria",51,"2020-03-15",51,"Cantabria",3,2,2,1,1,2,1,3,0,2,2,1,1,1,1,1,1,1,1,1,1,15mar2020,0,3,2020,15,"Cantabria",0,3.931826,.4978385,,,1,1,1
"2020-03-16",6,"Cantabria",58,"2020-03-16",58,"Cantabria",3,2,2,1,1,2,1,3,0,2,2,1,1,1,1,1,1,1,1,1,1,16mar2020,1,3,2020,16,"Cantabria",0,4.060443,.1286173,,,1,1,1
"2020-03-17",6,"Cantabria",58,"2020-03-17",58,"Cantabria",3,2,2,1,1,2,1,4,0,2,2,1,1,1,1,1,1,1,1,1,1,17mar2020,2,3,2020,17,"Cantabria",0,4.060443,0,,,1,1,1
"2020-03-18",6,"Cantabria",68,"2020-03-18",68,"Cantabria",3,2,2,1,1,2,1,4,2,2,2,1,1,1,1,1,1,1,1,1,1,18mar2020,3,3,2020,18,"Cantabria",0,4.219508,.1590648,,,1,1,1
"2020-03-19",6,"Cantabria",83,"2020-03-19",83,"Cantabria",3,2,2,1,1,2,1,4,2,2,2,1,1,1,1,1,1,1,1,1,1,19mar2020,4,3,2020,19,"Cantabria",0,4.41884,.1993327,,,1,1,1
"2020-03-20",6,"Cantabria",144,"2020-03-20",144,"Cantabria",3,2,2,1,1,2,1,4,2,2,2,1,1,1,1,1,1,1,1,1,1,20mar2020,5,3,2020,20,"Cantabria",0,4.969813,.5509729,,,1,1,1
"2020-03-21",6,"Cantabria",215,"2020-03-21",215,"Cantabria",3,2,2,1,1,2,1,4,2,2,2,1,1,1,1,1,1,1,1,1,1,21mar2020,6,3,2020,21,"Cantabria",0,5.370638,.4008245,,,1,1,1
"2020-03-22",6,"Cantabria",282,"2020-03-22",282,"Cantabria",3,2,2,1,1,2,1,4,2,2,2,1,1,1,1,1,1,1,1,1,1,22mar2020,0,3,2020,22,"Cantabria",0,5.641907,.2712693,,,1,1,1
"2020-03-23",6,"Cantabria",347,"2020-03-23",347,"Cantabria",3,2,2,1,1,2,1,4,2,2,2,1,1,1,1,1,1,1,1,1,1,23mar2020,1,3,2020,23,"Cantabria",0,5.849325,.2074175,,,1,1,1
"2020-03-24",6,"Cantabria",425,"2020-03-24",425,"Cantabria",3,2,2,1,1,2,1,4,2,2,2,1,1,1,1,1,1,1,1,1,1,24mar2020,2,3,2020,24,"Cantabria",0,6.052089,.2027645,,,1,1,1
"2020-03-25",6,"Cantabria",510,"2020-03-25",510,"Cantabria",3,2,2,1,1,2,1,4,2,2,2,1,1,1,1,1,1,1,1,1,1,25mar2020,3,3,2020,25,"Cantabria",0,6.234411,.1823215,,,1,1,1
"2020-03-03",7,"Castilla y León",8,"2020-03-03",,"Castilla y León",0,0,0,0,0,0,0,0,0,2,2,1,1,0,0,0,0,0,0,0,0,03mar2020,2,3,2020,3,"Castilla y León",0,,,,,0,0,0
"2020-03-04",7,"Castilla y León",11,"2020-03-04",11,"Castilla y León",0,0,0,0,0,0,0,0,0,2,2,1,1,0,0,0,0,0,0,0,0,04mar2020,3,3,2020,4,"Castilla y León",0,2.397895,,,,0,0,0
"2020-03-05",7,"Castilla y León",11,"2020-03-05",11,"Castilla y León",0,0,0,0,0,0,0,0,0,2,2,1,1,0,0,0,0,0,0,0,0,05mar2020,4,3,2020,5,"Castilla y León",0,2.397895,0,,,0,0,0
"2020-03-06",7,"Castilla y León",14,"2020-03-06",14,"Castilla y León",0,0,0,0,0,0,0,0,0,2,2,1,1,0,0,0,0,0,0,0,0,06mar2020,5,3,2020,6,"Castilla y León",0,2.639057,.2411621,,,0,0,0
"2020-03-07",7,"Castilla y León",14,"2020-03-07",14,"Castilla y León",0,0,0,0,0,0,0,0,0,2,2,1,1,0,0,0,0,0,0,0,0,07mar2020,6,3,2020,7,"Castilla y León",0,2.639057,0,,,0,0,0
"2020-03-08",7,"Castilla y León",22,"2020-03-08",22,"Castilla y León",0,0,0,0,0,0,0,0,0,2,2,1,1,0,0,0,0,0,0,0,0,08mar2020,0,3,2020,8,"Castilla y León",0,3.091043,.4519851,,,0,0,0
"2020-03-09",7,"Castilla y León",23,"2020-03-09",23,"Castilla y León",3,1,0,0,0,0,1,0,0,2,2,1,1,1,1,0,0,0,0,1,0,09mar2020,1,3,2020,9,"Castilla y León",0,3.135494,.0444517,,,1,0,0
"2020-03-10",7,"Castilla y León",56,"2020-03-10",56,"Castilla y León",3,1,2,1,0,0,1,3,0,2,2,1,1,1,1,1,1,0,0,1,1,10mar2020,2,3,2020,10,"Castilla y León",0,4.025352,.8898573,,,1,1,0
"2020-03-11",7,"Castilla y León",71,"2020-03-11",71,"Castilla y León",3,1,2,1,0,0,1,3,0,2,2,1,1,1,1,1,1,0,0,1,1,11mar2020,3,3,2020,11,"Castilla y León",0,4.26268,.2373285,,,1,1,0
"2020-03-12",7,"Castilla y León",92,"2020-03-12",92,"Castilla y León",3,1,2,1,0,0,1,3,0,2,2,1,1,1,1,1,1,0,0,1,1,12mar2020,4,3,2020,12,"Castilla y León",0,4.521789,.2591085,,,1,1,0
"2020-03-13",7,"Castilla y León",169,"2020-03-13",169,"Castilla y León",3,1,2,1,0,0,1,3,0,2,2,1,1,1,1,1,1,0,0,1,1,13mar2020,5,3,2020,13,"Castilla y León",0,5.129899,.60811,,,1,1,0
"2020-03-14",7,"Castilla y León",223,"2020-03-14",223,"Castilla y León",3,2,2,1,1,2,1,3,0,2,2,1,1,1,1,1,1,1,1,1,1,14mar2020,6,3,2020,14,"Castilla y León",0,5.407172,.2772732,,,1,1,1
"2020-03-15",7,"Castilla y León",292,"2020-03-15",292,"Castilla y León",3,2,2,1,1,2,1,3,0,2,2,1,1,1,1,1,1,1,1,1,1,15mar2020,0,3,2020,15,"Castilla y León",0,5.676754,.2695823,,,1,1,1
"2020-03-16",7,"Castilla y León",334,"2020-03-16",334,"Castilla y León",3,2,2,1,1,2,1,3,0,2,2,1,1,1,1,1,1,1,1,1,1,16mar2020,1,3,2020,16,"Castilla y León",0,5.811141,.134387,,,1,1,1
"2020-03-17",7,"Castilla y León",431,"2020-03-17",431,"Castilla y León",3,2,2,1,1,2,1,4,0,2,2,1,1,1,1,1,1,1,1,1,1,17mar2020,2,3,2020,17,"Castilla y León",0,6.066108,.2549672,,,1,1,1
"2020-03-18",7,"Castilla y León",668,"2020-03-18",668,"Castilla y León",3,2,2,1,1,2,1,4,2,2,2,1,1,1,1,1,1,1,1,1,1,18mar2020,3,3,2020,18,"Castilla y León",0,6.504288,.43818,,,1,1,1
"2020-03-19",7,"Castilla y León",868,"2020-03-19",868,"Castilla y León",3,2,2,1,1,2,1,4,2,2,2,1,1,1,1,1,1,1,1,1,1,19mar2020,4,3,2020,19,"Castilla y León",0,6.766191,.2619033,,,1,1,1
"2020-03-20",7,"Castilla y León",1147,"2020-03-20",1147,"Castilla y León",3,2,2,1,1,2,1,4,2,2,2,1,1,1,1,1,1,1,1,1,1,20mar2020,5,3,2020,20,"Castilla y León",0,7.044905,.2787137,,,1,1,1
"2020-03-21",7,"Castilla y León",1466,"2020-03-21",1466,"Castilla y León",3,2,2,1,1,2,1,4,2,2,2,1,1,1,1,1,1,1,1,1,1,21mar2020,6,3,2020,21,"Castilla y León",0,7.290293,.2453876,,,1,1,1
"2020-03-22",7,"Castilla y León",1744,"2020-03-22",1744,"Castilla y León",3,2,2,1,1,2,1,4,2,2,2,1,1,1,1,1,1,1,1,1,1,22mar2020,0,3,2020,22,"Castilla y León",0,7.463937,.1736441,,,1,1,1
"2020-03-23",7,"Castilla y León",2055,"2020-03-23",2055,"Castilla y León",3,2,2,1,1,2,1,4,2,2,2,1,1,1,1,1,1,1,1,1,1,23mar2020,1,3,2020,23,"Castilla y León",0,7.628031,.1640944,,,1,1,1
"2020-03-24",7,"Castilla y León",2460,"2020-03-24",2460,"Castilla y León",3,2,2,1,1,2,1,4,2,2,2,1,1,1,1,1,1,1,1,1,1,24mar2020,2,3,2020,24,"Castilla y León",0,7.807917,.1798854,,,1,1,1
"2020-03-25",7,"Castilla y León",2940,"2020-03-25",2940,"Castilla y León",3,2,2,1,1,2,1,4,2,2,2,1,1,1,1,1,1,1,1,1,1,25mar2020,3,3,2020,25,"Castilla y León",0,7.986165,.1782484,,,1,1,1
"2020-03-03",8,"Castilla-La Mancha",7,"2020-03-03",,"Castilla-La Mancha",0,0,0,0,0,0,0,0,0,2,2,1,1,0,0,0,0,0,0,0,0,03mar2020,2,3,2020,3,"Castilla-La Mancha",0,,,,,0,0,0
"2020-03-04",8,"Castilla-La Mancha",12,"2020-03-04",12,"Castilla-La Mancha",0,0,0,0,0,0,0,0,0,2,2,1,1,0,0,0,0,0,0,0,0,04mar2020,3,3,2020,4,"Castilla-La Mancha",0,2.484907,,,,0,0,0
"2020-03-05",8,"Castilla-La Mancha",13,"2020-03-05",13,"Castilla-La Mancha",0,0,0,0,0,0,0,0,0,2,2,1,1,0,0,0,0,0,0,0,0,05mar2020,4,3,2020,5,"Castilla-La Mancha",0,2.564949,.0800426,,,0,0,0
"2020-03-06",8,"Castilla-La Mancha",15,"2020-03-06",15,"Castilla-La Mancha",0,0,0,0,0,0,0,0,0,2,2,1,1,0,0,0,0,0,0,0,0,06mar2020,5,3,2020,6,"Castilla-La Mancha",0,2.70805,.143101,,,0,0,0
"2020-03-07",8,"Castilla-La Mancha",15,"2020-03-07",15,"Castilla-La Mancha",0,0,0,0,0,0,0,0,0,2,2,1,1,0,0,0,0,0,0,0,0,07mar2020,6,3,2020,7,"Castilla-La Mancha",0,2.70805,0,,,0,0,0
"2020-03-08",8,"Castilla-La Mancha",15,"2020-03-08",15,"Castilla-La Mancha",0,0,0,0,0,0,0,0,0,2,2,1,1,0,0,0,0,0,0,0,0,08mar2020,0,3,2020,8,"Castilla-La Mancha",0,2.70805,0,,,0,0,0
"2020-03-09",8,"Castilla-La Mancha",26,"2020-03-09",26,"Castilla-La Mancha",3,1,0,0,0,0,1,0,0,2,2,1,1,1,1,0,0,0,0,1,0,09mar2020,1,3,2020,9,"Castilla-La Mancha",0,3.258096,.5500462,,,1,0,0
"2020-03-10",8,"Castilla-La Mancha",39,"2020-03-10",39,"Castilla-La Mancha",3,1,2,1,0,0,1,3,0,2,2,1,1,1,1,1,1,0,0,1,1,10mar2020,2,3,2020,10,"Castilla-La Mancha",0,3.663562,.4054651,,,1,1,0
"2020-03-11",8,"Castilla-La Mancha",71,"2020-03-11",71,"Castilla-La Mancha",3,1,2,1,0,0,1,3,0,2,2,1,1,1,1,1,1,0,0,1,1,11mar2020,3,3,2020,11,"Castilla-La Mancha",0,4.26268,.5991185,,,1,1,0
"2020-03-12",8,"Castilla-La Mancha",115,"2020-03-12",115,"Castilla-La Mancha",3,1,2,1,0,0,1,3,0,2,2,1,1,1,1,1,1,0,0,1,1,12mar2020,4,3,2020,12,"Castilla-La Mancha",0,4.744932,.4822521,,,1,1,0
"2020-03-13",8,"Castilla-La Mancha",194,"2020-03-13",194,"Castilla-La Mancha",3,1,2,1,0,0,1,3,0,2,2,1,1,1,1,1,1,0,0,1,1,13mar2020,5,3,2020,13,"Castilla-La Mancha",0,5.267858,.5229259,,,1,1,0
"2020-03-14",8,"Castilla-La Mancha",289,"2020-03-14",289,"Castilla-La Mancha",3,2,2,1,1,2,1,3,0,2,2,1,1,1,1,1,1,1,1,1,1,14mar2020,6,3,2020,14,"Castilla-La Mancha",0,5.666427,.3985686,,,1,1,1
"2020-03-15",8,"Castilla-La Mancha",401,"2020-03-15",401,"Castilla-La Mancha",3,2,2,1,1,2,1,3,0,2,2,1,1,1,1,1,1,1,1,1,1,15mar2020,0,3,2020,15,"Castilla-La Mancha",0,5.993961,.3275347,,,1,1,1
"2020-03-16",8,"Castilla-La Mancha",567,"2020-03-16",567,"Castilla-La Mancha",3,2,2,1,1,2,1,3,0,2,2,1,1,1,1,1,1,1,1,1,1,16mar2020,1,3,2020,16,"Castilla-La Mancha",0,6.340359,.3463979,,,1,1,1
"2020-03-17",8,"Castilla-La Mancha",567,"2020-03-17",567,"Castilla-La Mancha",3,2,2,1,1,2,1,4,0,2,2,1,1,1,1,1,1,1,1,1,1,17mar2020,2,3,2020,17,"Castilla-La Mancha",0,6.340359,0,,,1,1,1
"2020-03-18",8,"Castilla-La Mancha",675,"2020-03-18",675,"Castilla-La Mancha",3,2,2,1,1,2,1,4,2,2,2,1,1,1,1,1,1,1,1,1,1,18mar2020,3,3,2020,18,"Castilla-La Mancha",0,6.514713,.1743536,,,1,1,1
"2020-03-19",8,"Castilla-La Mancha",801,"2020-03-19",801,"Castilla-La Mancha",3,2,2,1,1,2,1,4,2,2,2,1,1,1,1,1,1,1,1,1,1,19mar2020,4,3,2020,19,"Castilla-La Mancha",0,6.685861,.1711483,,,1,1,1
"2020-03-20",8,"Castilla-La Mancha",1044,"2020-03-20",1044,"Castilla-La Mancha",3,2,2,1,1,2,1,4,2,2,2,1,1,1,1,1,1,1,1,1,1,20mar2020,5,3,2020,20,"Castilla-La Mancha",0,6.950815,.2649536,,,1,1,1
"2020-03-21",8,"Castilla-La Mancha",1423,"2020-03-21",1423,"Castilla-La Mancha",3,2,2,1,1,2,1,4,2,2,2,1,1,1,1,1,1,1,1,1,1,21mar2020,6,3,2020,21,"Castilla-La Mancha",0,7.260522,.3097076,,,1,1,1
"2020-03-22",8,"Castilla-La Mancha",1819,"2020-03-22",1819,"Castilla-La Mancha",3,2,2,1,1,2,1,4,2,2,2,1,1,1,1,1,1,1,1,1,1,22mar2020,0,3,2020,22,"Castilla-La Mancha",0,7.506042,.2455196,,,1,1,1
"2020-03-23",8,"Castilla-La Mancha",2078,"2020-03-23",2078,"Castilla-La Mancha",3,2,2,1,1,2,1,4,2,2,2,1,1,1,1,1,1,1,1,1,1,23mar2020,1,3,2020,23,"Castilla-La Mancha",0,7.639161,.1331191,,,1,1,1
"2020-03-24",8,"Castilla-La Mancha",2465,"2020-03-24",2465,"Castilla-La Mancha",3,2,2,1,1,2,1,4,2,2,2,1,1,1,1,1,1,1,1,1,1,24mar2020,2,3,2020,24,"Castilla-La Mancha",0,7.809947,.1707859,,,1,1,1
"2020-03-25",8,"Castilla-La Mancha",2780,"2020-03-25",2780,"Castilla-La Mancha",3,2,2,1,1,2,1,4,2,2,2,1,1,1,1,1,1,1,1,1,1,25mar2020,3,3,2020,25,"Castilla-La Mancha",0,7.930206,.1202593,,,1,1,1
"2020-03-03",9,"Cataluña",15,"2020-03-03",15,"Cataluña",0,0,0,0,0,0,0,0,0,2,2,1,1,0,0,0,0,0,0,0,0,03mar2020,2,3,2020,3,"Cataluña",0,2.70805,,,,0,0,0
"2020-03-04",9,"Cataluña",15,"2020-03-04",15,"Cataluña",0,0,0,0,0,0,0,0,0,2,2,1,1,0,0,0,0,0,0,0,0,04mar2020,3,3,2020,4,"Cataluña",0,2.70805,0,,,0,0,0
"2020-03-05",9,"Cataluña",24,"2020-03-05",24,"Cataluña",0,0,0,0,0,0,0,0,0,2,2,1,1,0,0,0,0,0,0,0,0,05mar2020,4,3,2020,5,"Cataluña",0,3.178054,.4700036,,,0,0,0
"2020-03-06",9,"Cataluña",24,"2020-03-06",24,"Cataluña",0,0,0,0,0,0,0,0,0,2,2,1,1,0,0,0,0,0,0,0,0,06mar2020,5,3,2020,6,"Cataluña",0,3.178054,0,,,0,0,0
"2020-03-07",9,"Cataluña",24,"2020-03-07",24,"Cataluña",0,0,0,0,0,0,0,0,0,2,2,1,1,0,0,0,0,0,0,0,0,07mar2020,6,3,2020,7,"Cataluña",0,3.178054,0,,,0,0,0
"2020-03-08",9,"Cataluña",49,"2020-03-08",49,"Cataluña",0,0,0,0,0,0,0,0,0,2,2,1,1,0,0,0,0,0,0,0,0,08mar2020,0,3,2020,8,"Cataluña",0,3.89182,.7137663,,,0,0,0
"2020-03-09",9,"Cataluña",75,"2020-03-09",75,"Cataluña",3,1,0,0,0,0,1,0,0,2,2,1,1,1,1,0,0,0,0,1,0,09mar2020,1,3,2020,9,"Cataluña",0,4.317488,.425668,,,1,0,0
"2020-03-10",9,"Cataluña",124,"2020-03-10",124,"Cataluña",3,1,2,1,0,0,1,3,0,2,2,1,1,1,1,1,1,0,0,1,1,10mar2020,2,3,2020,10,"Cataluña",0,4.820282,.5027933,,,1,1,0
"2020-03-11",9,"Cataluña",156,"2020-03-11",156,"Cataluña",3,1,2,1,0,0,1,3,0,2,2,1,1,1,1,1,1,0,0,1,1,11mar2020,3,3,2020,11,"Cataluña",0,5.049856,.2295747,,,1,1,0
"2020-03-12",9,"Cataluña",260,"2020-03-12",260,"Cataluña",3,1,2,1,0,0,1,3,0,2,2,1,1,1,1,1,1,0,0,1,1,12mar2020,4,3,2020,12,"Cataluña",0,5.560682,.5108256,,,1,1,0
"2020-03-13",9,"Cataluña",316,"2020-03-13",316,"Cataluña",3,1,2,1,0,0,1,3,0,2,2,1,1,1,1,1,1,0,0,1,1,13mar2020,5,3,2020,13,"Cataluña",0,5.755742,.1950603,,,1,1,0
"2020-03-14",9,"Cataluña",509,"2020-03-14",509,"Cataluña",3,2,2,1,1,2,1,3,0,2,2,1,1,1,1,1,1,1,1,1,1,14mar2020,6,3,2020,14,"Cataluña",0,6.232448,.476706,,,1,1,1
"2020-03-15",9,"Cataluña",715,"2020-03-15",715,"Cataluña",3,2,2,1,1,2,1,3,0,2,2,1,1,1,1,1,1,1,1,1,1,15mar2020,0,3,2020,15,"Cataluña",0,6.572282,.3398342,,,1,1,1
"2020-03-16",9,"Cataluña",903,"2020-03-16",903,"Cataluña",3,2,2,1,1,2,1,3,0,2,2,1,1,1,1,1,1,1,1,1,1,16mar2020,1,3,2020,16,"Cataluña",0,6.805723,.2334404,,,1,1,1
"2020-03-17",9,"Cataluña",1394,"2020-03-17",1394,"Cataluña",3,2,2,1,1,2,1,4,0,2,2,1,1,1,1,1,1,1,1,1,1,17mar2020,2,3,2020,17,"Cataluña",0,7.239933,.4342098,,,1,1,1
"2020-03-18",9,"Cataluña",1866,"2020-03-18",1866,"Cataluña",3,2,2,1,1,2,1,4,2,2,2,1,1,1,1,1,1,1,1,1,1,18mar2020,3,3,2020,18,"Cataluña",0,7.531552,.2916198,,,1,1,1
"2020-03-19",9,"Cataluña",2702,"2020-03-19",2702,"Cataluña",3,2,2,1,1,2,1,4,2,2,2,1,1,1,1,1,1,1,1,1,1,19mar2020,4,3,2020,19,"Cataluña",0,7.901748,.3701954,,,1,1,1
"2020-03-20",9,"Cataluña",3270,"2020-03-20",3270,"Cataluña",3,2,2,1,1,2,1,4,2,2,2,1,1,1,1,1,1,1,1,1,1,20mar2020,5,3,2020,20,"Cataluña",0,8.092546,.1907978,,,1,1,1
"2020-03-21",9,"Cataluña",4203,"2020-03-21",4203,"Cataluña",3,2,2,1,1,2,1,4,2,2,2,1,1,1,1,1,1,1,1,1,1,21mar2020,6,3,2020,21,"Cataluña",0,8.343554,.251008,,,1,1,1
"2020-03-22",9,"Cataluña",4704,"2020-03-22",4704,"Cataluña",3,2,2,1,1,2,1,4,2,2,2,1,1,1,1,1,1,1,1,1,1,22mar2020,0,3,2020,22,"Cataluña",0,8.456168,.1126146,,,1,1,1
"2020-03-23",9,"Cataluña",5925,"2020-03-23",5925,"Cataluña",3,2,2,1,1,2,1,4,2,2,2,1,1,1,1,1,1,1,1,1,1,23mar2020,1,3,2020,23,"Cataluña",0,8.686936,.2307682,,,1,1,1
"2020-03-24",9,"Cataluña",7864,"2020-03-24",7864,"Cataluña",3,2,2,1,1,2,1,4,2,2,2,1,1,1,1,1,1,1,1,1,1,24mar2020,2,3,2020,24,"Cataluña",0,8.970051,.2831144,,,1,1,1
"2020-03-25",9,"Cataluña",9937,"2020-03-25",9937,"Cataluña",3,2,2,1,1,2,1,4,2,2,2,1,1,1,1,1,1,1,1,1,1,25mar2020,3,3,2020,25,"Cataluña",0,9.204021,.2339697,,,1,1,1
"2020-03-03",18,"Ceuta",0,"2020-03-03",,"Ceuta",0,0,0,0,0,0,0,0,0,2,2,1,1,0,0,0,0,0,0,0,0,03mar2020,2,3,2020,3,"Ceuta",0,,,,,0,0,0
"2020-03-04",18,"Ceuta",0,"2020-03-04",,"Ceuta",0,0,0,0,0,0,0,0,0,2,2,1,1,0,0,0,0,0,0,0,0,04mar2020,3,3,2020,4,"Ceuta",0,,,,,0,0,0
"2020-03-05",18,"Ceuta",0,"2020-03-05",,"Ceuta",0,0,0,0,0,0,0,0,0,2,2,1,1,0,0,0,0,0,0,0,0,05mar2020,4,3,2020,5,"Ceuta",0,,,,,0,0,0
"2020-03-06",18,"Ceuta",0,"2020-03-06",,"Ceuta",0,0,0,0,0,0,0,0,0,2,2,1,1,0,0,0,0,0,0,0,0,06mar2020,5,3,2020,6,"Ceuta",0,,,,,0,0,0
"2020-03-07",18,"Ceuta",0,"2020-03-07",,"Ceuta",0,0,0,0,0,0,0,0,0,2,2,1,1,0,0,0,0,0,0,0,0,07mar2020,6,3,2020,7,"Ceuta",0,,,,,0,0,0
"2020-03-08",18,"Ceuta",0,"2020-03-08",,"Ceuta",0,0,0,0,0,0,0,0,0,2,2,1,1,0,0,0,0,0,0,0,0,08mar2020,0,3,2020,8,"Ceuta",0,,,,,0,0,0
"2020-03-09",18,"Ceuta",0,"2020-03-09",,"Ceuta",3,1,0,0,0,0,1,0,0,2,2,1,1,1,1,0,0,0,0,1,0,09mar2020,1,3,2020,9,"Ceuta",0,,,,,1,0,0
"2020-03-10",18,"Ceuta",0,"2020-03-10",,"Ceuta",3,1,2,1,0,0,1,3,0,2,2,1,1,1,1,1,1,0,0,1,1,10mar2020,2,3,2020,10,"Ceuta",0,,,,,1,1,0
"2020-03-11",18,"Ceuta",0,"2020-03-11",,"Ceuta",3,1,2,1,0,0,1,3,0,2,2,1,1,1,1,1,1,0,0,1,1,11mar2020,3,3,2020,11,"Ceuta",0,,,,,1,1,0
"2020-03-12",18,"Ceuta",0,"2020-03-12",,"Ceuta",3,1,2,1,0,0,1,3,0,2,2,1,1,1,1,1,1,0,0,1,1,12mar2020,4,3,2020,12,"Ceuta",0,,,,,1,1,0
"2020-03-13",18,"Ceuta",0,"2020-03-13",,"Ceuta",3,1,2,1,0,0,1,3,0,2,2,1,1,1,1,1,1,0,0,1,1,13mar2020,5,3,2020,13,"Ceuta",0,,,,,1,1,0
"2020-03-14",18,"Ceuta",0,"2020-03-14",,"Ceuta",3,2,2,1,1,2,1,3,0,2,2,1,1,1,1,1,1,1,1,1,1,14mar2020,6,3,2020,14,"Ceuta",0,,,,,1,1,1
"2020-03-15",18,"Ceuta",1,"2020-03-15",,"Ceuta",3,2,2,1,1,2,1,3,0,2,2,1,1,1,1,1,1,1,1,1,1,15mar2020,0,3,2020,15,"Ceuta",0,,,,,1,1,1
"2020-03-16",18,"Ceuta",1,"2020-03-16",,"Ceuta",3,2,2,1,1,2,1,3,0,2,2,1,1,1,1,1,1,1,1,1,1,16mar2020,1,3,2020,16,"Ceuta",0,,,,,1,1,1
"2020-03-17",18,"Ceuta",1,"2020-03-17",,"Ceuta",3,2,2,1,1,2,1,4,0,2,2,1,1,1,1,1,1,1,1,1,1,17mar2020,2,3,2020,17,"Ceuta",0,,,,,1,1,1
"2020-03-18",18,"Ceuta",1,"2020-03-18",,"Ceuta",3,2,2,1,1,2,1,4,2,2,2,1,1,1,1,1,1,1,1,1,1,18mar2020,3,3,2020,18,"Ceuta",0,,,,,1,1,1
"2020-03-19",18,"Ceuta",1,"2020-03-19",,"Ceuta",3,2,2,1,1,2,1,4,2,2,2,1,1,1,1,1,1,1,1,1,1,19mar2020,4,3,2020,19,"Ceuta",0,,,,,1,1,1
"2020-03-20",18,"Ceuta",5,"2020-03-20",,"Ceuta",3,2,2,1,1,2,1,4,2,2,2,1,1,1,1,1,1,1,1,1,1,20mar2020,5,3,2020,20,"Ceuta",0,,,,,1,1,1
"2020-03-21",18,"Ceuta",5,"2020-03-21",,"Ceuta",3,2,2,1,1,2,1,4,2,2,2,1,1,1,1,1,1,1,1,1,1,21mar2020,6,3,2020,21,"Ceuta",0,,,,,1,1,1
"2020-03-22",18,"Ceuta",5,"2020-03-22",,"Ceuta",3,2,2,1,1,2,1,4,2,2,2,1,1,1,1,1,1,1,1,1,1,22mar2020,0,3,2020,22,"Ceuta",0,,,,,1,1,1
"2020-03-23",18,"Ceuta",6,"2020-03-23",,"Ceuta",3,2,2,1,1,2,1,4,2,2,2,1,1,1,1,1,1,1,1,1,1,23mar2020,1,3,2020,23,"Ceuta",0,,,,,1,1,1
"2020-03-24",18,"Ceuta",6,"2020-03-24",,"Ceuta",3,2,2,1,1,2,1,4,2,2,2,1,1,1,1,1,1,1,1,1,1,24mar2020,2,3,2020,24,"Ceuta",0,,,,,1,1,1
"2020-03-25",18,"Ceuta",9,"2020-03-25",,"Ceuta",3,2,2,1,1,2,1,4,2,2,2,1,1,1,1,1,1,1,1,1,1,25mar2020,3,3,2020,25,"Ceuta",0,,,,,1,1,1
"2020-03-03",11,"Extremadura",6,"2020-03-03",,"Extremadura",0,0,0,0,0,0,0,0,0,2,2,1,1,0,0,0,0,0,0,0,0,03mar2020,2,3,2020,3,"Extremadura",0,,,,,0,0,0
"2020-03-04",11,"Extremadura",6,"2020-03-04",,"Extremadura",0,0,0,0,0,0,0,0,0,2,2,1,1,0,0,0,0,0,0,0,0,04mar2020,3,3,2020,4,"Extremadura",0,,,,,0,0,0
"2020-03-05",11,"Extremadura",6,"2020-03-05",,"Extremadura",0,0,0,0,0,0,0,0,0,2,2,1,1,0,0,0,0,0,0,0,0,05mar2020,4,3,2020,5,"Extremadura",0,,,,,0,0,0
"2020-03-06",11,"Extremadura",6,"2020-03-06",,"Extremadura",0,0,0,0,0,0,0,0,0,2,2,1,1,0,0,0,0,0,0,0,0,06mar2020,5,3,2020,6,"Extremadura",0,,,,,0,0,0
"2020-03-07",11,"Extremadura",6,"2020-03-07",,"Extremadura",0,0,0,0,0,0,0,0,0,2,2,1,1,0,0,0,0,0,0,0,0,07mar2020,6,3,2020,7,"Extremadura",0,,,,,0,0,0
"2020-03-08",11,"Extremadura",6,"2020-03-08",,"Extremadura",0,0,0,0,0,0,0,0,0,2,2,1,1,0,0,0,0,0,0,0,0,08mar2020,0,3,2020,8,"Extremadura",0,,,,,0,0,0
"2020-03-09",11,"Extremadura",7,"2020-03-09",,"Extremadura",3,1,0,0,0,0,1,0,0,2,2,1,1,1,1,0,0,0,0,1,0,09mar2020,1,3,2020,9,"Extremadura",0,,,,,1,0,0
"2020-03-10",11,"Extremadura",8,"2020-03-10",,"Extremadura",3,1,2,1,0,0,1,3,0,2,2,1,1,1,1,1,1,0,0,1,1,10mar2020,2,3,2020,10,"Extremadura",0,,,,,1,1,0
"2020-03-11",11,"Extremadura",9,"2020-03-11",,"Extremadura",3,1,2,1,0,0,1,3,0,2,2,1,1,1,1,1,1,0,0,1,1,11mar2020,3,3,2020,11,"Extremadura",0,,,,,1,1,0
"2020-03-12",11,"Extremadura",19,"2020-03-12",19,"Extremadura",3,1,2,1,0,0,1,3,0,2,2,1,1,1,1,1,1,0,0,1,1,12mar2020,4,3,2020,12,"Extremadura",0,2.944439,,,,1,1,0
"2020-03-13",11,"Extremadura",39,"2020-03-13",39,"Extremadura",3,1,2,1,0,0,1,3,0,2,2,1,1,1,1,1,1,0,0,1,1,13mar2020,5,3,2020,13,"Extremadura",0,3.663562,.7191226,,,1,1,0
"2020-03-14",11,"Extremadura",66,"2020-03-14",66,"Extremadura",3,2,2,1,1,2,1,3,0,2,2,1,1,1,1,1,1,1,1,1,1,14mar2020,6,3,2020,14,"Extremadura",0,4.189655,.5260932,,,1,1,1
"2020-03-15",11,"Extremadura",95,"2020-03-15",95,"Extremadura",3,2,2,1,1,2,1,3,0,2,2,1,1,1,1,1,1,1,1,1,1,15mar2020,0,3,2020,15,"Extremadura",0,4.553877,.364222,,,1,1,1
"2020-03-16",11,"Extremadura",111,"2020-03-16",111,"Extremadura",3,2,2,1,1,2,1,3,0,2,2,1,1,1,1,1,1,1,1,1,1,16mar2020,1,3,2020,16,"Extremadura",0,4.70953,.1556535,,,1,1,1
"2020-03-17",11,"Extremadura",153,"2020-03-17",153,"Extremadura",3,2,2,1,1,2,1,4,0,2,2,1,1,1,1,1,1,1,1,1,1,17mar2020,2,3,2020,17,"Extremadura",0,5.030438,.3209076,,,1,1,1
"2020-03-18",11,"Extremadura",194,"2020-03-18",194,"Extremadura",3,2,2,1,1,2,1,4,2,2,2,1,1,1,1,1,1,1,1,1,1,18mar2020,3,3,2020,18,"Extremadura",0,5.267858,.2374201,,,1,1,1
"2020-03-19",11,"Extremadura",241,"2020-03-19",241,"Extremadura",3,2,2,1,1,2,1,4,2,2,2,1,1,1,1,1,1,1,1,1,1,19mar2020,4,3,2020,19,"Extremadura",0,5.484797,.216939,,,1,1,1
"2020-03-20",11,"Extremadura",297,"2020-03-20",297,"Extremadura",3,2,2,1,1,2,1,4,2,2,2,1,1,1,1,1,1,1,1,1,1,20mar2020,5,3,2020,20,"Extremadura",0,5.693732,.2089353,,,1,1,1
"2020-03-21",11,"Extremadura",354,"2020-03-21",354,"Extremadura",3,2,2,1,1,2,1,4,2,2,2,1,1,1,1,1,1,1,1,1,1,21mar2020,6,3,2020,21,"Extremadura",0,5.869297,.1755648,,,1,1,1
"2020-03-22",11,"Extremadura",384,"2020-03-22",384,"Extremadura",3,2,2,1,1,2,1,4,2,2,2,1,1,1,1,1,1,1,1,1,1,22mar2020,0,3,2020,22,"Extremadura",0,5.950643,.0813456,,,1,1,1
"2020-03-23",11,"Extremadura",493,"2020-03-23",493,"Extremadura",3,2,2,1,1,2,1,4,2,2,2,1,1,1,1,1,1,1,1,1,1,23mar2020,1,3,2020,23,"Extremadura",0,6.200509,.2498665,,,1,1,1
"2020-03-24",11,"Extremadura",636,"2020-03-24",636,"Extremadura",3,2,2,1,1,2,1,4,2,2,2,1,1,1,1,1,1,1,1,1,1,24mar2020,2,3,2020,24,"Extremadura",0,6.455199,.2546897,,,1,1,1
"2020-03-25",11,"Extremadura",742,"2020-03-25",742,"Extremadura",3,2,2,1,1,2,1,4,2,2,2,1,1,1,1,1,1,1,1,1,1,25mar2020,3,3,2020,25,"Extremadura",0,6.609349,.1541505,,,1,1,1
"2020-03-03",12,"Galicia",0,"2020-03-03",,"Galicia",0,0,0,0,0,0,0,0,0,2,2,1,1,0,0,0,0,0,0,0,0,03mar2020,2,3,2020,3,"Galicia",0,,,,,0,0,0
"2020-03-04",12,"Galicia",1,"2020-03-04",,"Galicia",0,0,0,0,0,0,0,0,0,2,2,1,1,0,0,0,0,0,0,0,0,04mar2020,3,3,2020,4,"Galicia",0,,,,,0,0,0
"2020-03-05",12,"Galicia",1,"2020-03-05",,"Galicia",0,0,0,0,0,0,0,0,0,2,2,1,1,0,0,0,0,0,0,0,0,05mar2020,4,3,2020,5,"Galicia",0,,,,,0,0,0
"2020-03-06",12,"Galicia",3,"2020-03-06",,"Galicia",0,0,0,0,0,0,0,0,0,2,2,1,1,0,0,0,0,0,0,0,0,06mar2020,5,3,2020,6,"Galicia",0,,,,,0,0,0
"2020-03-07",12,"Galicia",3,"2020-03-07",,"Galicia",0,0,0,0,0,0,0,0,0,2,2,1,1,0,0,0,0,0,0,0,0,07mar2020,6,3,2020,7,"Galicia",0,,,,,0,0,0
"2020-03-08",12,"Galicia",5,"2020-03-08",,"Galicia",0,0,0,0,0,0,0,0,0,2,2,1,1,0,0,0,0,0,0,0,0,08mar2020,0,3,2020,8,"Galicia",0,,,,,0,0,0
"2020-03-09",12,"Galicia",6,"2020-03-09",,"Galicia",3,1,0,0,0,0,1,0,0,2,2,1,1,1,1,0,0,0,0,1,0,09mar2020,1,3,2020,9,"Galicia",0,,,,,1,0,0
"2020-03-10",12,"Galicia",22,"2020-03-10",22,"Galicia",3,1,2,1,0,0,1,3,0,2,2,1,1,1,1,1,1,0,0,1,1,10mar2020,2,3,2020,10,"Galicia",0,3.091043,,,,1,1,0
"2020-03-11",12,"Galicia",39,"2020-03-11",39,"Galicia",3,1,2,1,0,0,1,3,0,2,2,1,1,1,1,1,1,0,0,1,1,11mar2020,3,3,2020,11,"Galicia",0,3.663562,.5725191,,,1,1,0
"2020-03-12",12,"Galicia",35,"2020-03-12",35,"Galicia",3,1,2,1,0,0,1,3,0,2,2,1,1,1,1,1,1,0,0,1,1,12mar2020,4,3,2020,12,"Galicia",0,3.555348,,,,1,1,0
"2020-03-13",12,"Galicia",85,"2020-03-13",85,"Galicia",3,1,2,1,0,0,1,3,0,2,2,1,1,1,1,1,1,0,0,1,1,13mar2020,5,3,2020,13,"Galicia",0,4.442651,.8873031,,,1,1,0
"2020-03-14",12,"Galicia",115,"2020-03-14",115,"Galicia",3,2,2,1,1,2,1,3,0,2,2,1,1,1,1,1,1,1,1,1,1,14mar2020,6,3,2020,14,"Galicia",0,4.744932,.3022809,,,1,1,1
"2020-03-15",12,"Galicia",195,"2020-03-15",195,"Galicia",3,2,2,1,1,2,1,3,0,2,2,1,1,1,1,1,1,1,1,1,1,15mar2020,0,3,2020,15,"Galicia",0,5.273,.5280676,,,1,1,1
"2020-03-16",12,"Galicia",245,"2020-03-16",245,"Galicia",3,2,2,1,1,2,1,3,0,2,2,1,1,1,1,1,1,1,1,1,1,16mar2020,1,3,2020,16,"Galicia",0,5.501258,.2282586,,,1,1,1
"2020-03-17",12,"Galicia",292,"2020-03-17",292,"Galicia",3,2,2,1,1,2,1,4,0,2,2,1,1,1,1,1,1,1,1,1,1,17mar2020,2,3,2020,17,"Galicia",0,5.676754,.1754956,,,1,1,1
"2020-03-18",12,"Galicia",341,"2020-03-18",341,"Galicia",3,2,2,1,1,2,1,4,2,2,2,1,1,1,1,1,1,1,1,1,1,18mar2020,3,3,2020,18,"Galicia",0,5.831882,.1551285,,,1,1,1
"2020-03-19",12,"Galicia",453,"2020-03-19",453,"Galicia",3,2,2,1,1,2,1,4,2,2,2,1,1,1,1,1,1,1,1,1,1,19mar2020,4,3,2020,19,"Galicia",0,6.115892,.2840095,,,1,1,1
"2020-03-20",12,"Galicia",578,"2020-03-20",578,"Galicia",3,2,2,1,1,2,1,4,2,2,2,1,1,1,1,1,1,1,1,1,1,20mar2020,5,3,2020,20,"Galicia",0,6.359574,.2436819,,,1,1,1
"2020-03-21",12,"Galicia",739,"2020-03-21",739,"Galicia",3,2,2,1,1,2,1,4,2,2,2,1,1,1,1,1,1,1,1,1,1,21mar2020,6,3,2020,21,"Galicia",0,6.605298,.2457242,,,1,1,1
"2020-03-22",12,"Galicia",915,"2020-03-22",915,"Galicia",3,2,2,1,1,2,1,4,2,2,2,1,1,1,1,1,1,1,1,1,1,22mar2020,0,3,2020,22,"Galicia",0,6.818924,.2136259,,,1,1,1
"2020-03-23",12,"Galicia",1208,"2020-03-23",1208,"Galicia",3,2,2,1,1,2,1,4,2,2,2,1,1,1,1,1,1,1,1,1,1,23mar2020,1,3,2020,23,"Galicia",0,7.096721,.2777972,,,1,1,1
"2020-03-24",12,"Galicia",1415,"2020-03-24",1415,"Galicia",3,2,2,1,1,2,1,4,2,2,2,1,1,1,1,1,1,1,1,1,1,24mar2020,2,3,2020,24,"Galicia",0,7.254885,.1581635,,,1,1,1
"2020-03-25",12,"Galicia",1653,"2020-03-25",1653,"Galicia",3,2,2,1,1,2,1,4,2,2,2,1,1,1,1,1,1,1,1,1,1,25mar2020,3,3,2020,25,"Galicia",0,7.410347,.1554623,,,1,1,1
"2020-03-03",17,"La Rioja",3,"2020-03-03",,"La Rioja",0,0,0,0,0,0,0,0,0,2,2,1,1,0,0,0,0,0,0,0,0,03mar2020,2,3,2020,3,"La Rioja",0,,,,,0,0,0
"2020-03-04",17,"La Rioja",7,"2020-03-04",,"La Rioja",0,0,0,0,0,0,0,0,0,2,2,1,1,0,0,0,0,0,0,0,0,04mar2020,3,3,2020,4,"La Rioja",0,,,,,0,0,0
"2020-03-05",17,"La Rioja",11,"2020-03-05",11,"La Rioja",0,0,0,0,0,0,0,0,0,2,2,1,1,0,0,0,0,0,0,0,0,05mar2020,4,3,2020,5,"La Rioja",0,2.397895,,,,0,0,0
"2020-03-06",17,"La Rioja",29,"2020-03-06",29,"La Rioja",0,0,0,0,0,0,0,0,0,2,2,1,1,0,0,0,0,0,0,0,0,06mar2020,5,3,2020,6,"La Rioja",0,3.367296,.9694004,,,0,0,0
"2020-03-07",17,"La Rioja",39,"2020-03-07",39,"La Rioja",0,0,0,0,0,0,0,0,0,2,2,1,1,0,0,0,0,0,0,0,0,07mar2020,6,3,2020,7,"La Rioja",0,3.663562,.2962658,,,0,0,0
"2020-03-08",17,"La Rioja",55,"2020-03-08",55,"La Rioja",0,0,0,0,0,0,0,0,0,2,2,1,1,0,0,0,0,0,0,0,0,08mar2020,0,3,2020,8,"La Rioja",0,4.007333,.3437717,,,0,0,0
"2020-03-09",17,"La Rioja",81,"2020-03-09",81,"La Rioja",3,1,0,0,0,0,1,0,0,2,2,1,1,1,1,0,0,0,0,1,0,09mar2020,1,3,2020,9,"La Rioja",0,4.394449,.387116,,,1,0,0
"2020-03-10",17,"La Rioja",144,"2020-03-10",144,"La Rioja",3,1,2,1,0,0,1,3,0,2,2,1,1,1,1,1,1,0,0,1,1,10mar2020,2,3,2020,10,"La Rioja",0,4.969813,.5753641,,,1,1,0
"2020-03-11",17,"La Rioja",179,"2020-03-11",179,"La Rioja",3,1,2,1,0,0,1,3,0,2,2,1,1,1,1,1,1,0,0,1,1,11mar2020,3,3,2020,11,"La Rioja",0,5.187386,.2175727,,,1,1,0
"2020-03-12",17,"La Rioja",205,"2020-03-12",205,"La Rioja",3,1,2,1,0,0,1,3,0,2,2,1,1,1,1,1,1,0,0,1,1,12mar2020,4,3,2020,12,"La Rioja",0,5.32301,.1356239,,,1,1,0
"2020-03-13",17,"La Rioja",243,"2020-03-13",243,"La Rioja",3,1,2,1,0,0,1,3,0,2,2,1,1,1,1,1,1,0,0,1,1,13mar2020,5,3,2020,13,"La Rioja",0,5.493062,.1700516,,,1,1,0
"2020-03-14",17,"La Rioja",278,"2020-03-14",278,"La Rioja",3,2,2,1,1,2,1,3,0,2,2,1,1,1,1,1,1,1,1,1,1,14mar2020,6,3,2020,14,"La Rioja",0,5.627621,.1345596,,,1,1,1
"2020-03-15",17,"La Rioja",300,"2020-03-15",300,"La Rioja",3,2,2,1,1,2,1,3,0,2,2,1,1,1,1,1,1,1,1,1,1,15mar2020,0,3,2020,15,"La Rioja",0,5.703783,.0761614,,,1,1,1
"2020-03-16",17,"La Rioja",312,"2020-03-16",312,"La Rioja",3,2,2,1,1,2,1,3,0,2,2,1,1,1,1,1,1,1,1,1,1,16mar2020,1,3,2020,16,"La Rioja",0,5.743003,.0392208,,,1,1,1
"2020-03-17",17,"La Rioja",355,"2020-03-17",355,"La Rioja",3,2,2,1,1,2,1,4,0,2,2,1,1,1,1,1,1,1,1,1,1,17mar2020,2,3,2020,17,"La Rioja",0,5.872118,.1291146,,,1,1,1
"2020-03-18",17,"La Rioja",419,"2020-03-18",419,"La Rioja",3,2,2,1,1,2,1,4,2,2,2,1,1,1,1,1,1,1,1,1,1,18mar2020,3,3,2020,18,"La Rioja",0,6.037871,.1657529,,,1,1,1
"2020-03-19",17,"La Rioja",468,"2020-03-19",468,"La Rioja",3,2,2,1,1,2,1,4,2,2,2,1,1,1,1,1,1,1,1,1,1,19mar2020,4,3,2020,19,"La Rioja",0,6.148468,.1105976,,,1,1,1
"2020-03-20",17,"La Rioja",497,"2020-03-20",497,"La Rioja",3,2,2,1,1,2,1,4,2,2,2,1,1,1,1,1,1,1,1,1,1,20mar2020,5,3,2020,20,"La Rioja",0,6.20859,.0601215,,,1,1,1
"2020-03-21",17,"La Rioja",564,"2020-03-21",564,"La Rioja",3,2,2,1,1,2,1,4,2,2,2,1,1,1,1,1,1,1,1,1,1,21mar2020,6,3,2020,21,"La Rioja",0,6.335054,.1264644,,,1,1,1
"2020-03-22",17,"La Rioja",654,"2020-03-22",654,"La Rioja",3,2,2,1,1,2,1,4,2,2,2,1,1,1,1,1,1,1,1,1,1,22mar2020,0,3,2020,22,"La Rioja",0,6.483108,.1480532,,,1,1,1
"2020-03-23",17,"La Rioja",747,"2020-03-23",747,"La Rioja",3,2,2,1,1,2,1,4,2,2,2,1,1,1,1,1,1,1,1,1,1,23mar2020,1,3,2020,23,"La Rioja",0,6.616065,.1329575,,,1,1,1
"2020-03-24",17,"La Rioja",802,"2020-03-24",802,"La Rioja",3,2,2,1,1,2,1,4,2,2,2,1,1,1,1,1,1,1,1,1,1,24mar2020,2,3,2020,24,"La Rioja",0,6.687109,.0710435,,,1,1,1
"2020-03-25",17,"La Rioja",928,"2020-03-25",928,"La Rioja",3,2,2,1,1,2,1,4,2,2,2,1,1,1,1,1,1,1,1,1,1,25mar2020,3,3,2020,25,"La Rioja",0,6.833032,.1459231,,,1,1,1
"2020-03-03",13,"Madrid",49,"2020-03-03",49,"Madrid",0,0,0,0,0,0,0,0,0,2,2,1,1,0,0,0,0,0,0,0,0,03mar2020,2,3,2020,3,"Madrid",0,3.89182,,,,0,0,0
"2020-03-04",13,"Madrid",70,"2020-03-04",70,"Madrid",0,0,0,0,0,0,0,0,0,2,2,1,1,0,0,0,0,0,0,0,0,04mar2020,3,3,2020,4,"Madrid",0,4.248495,.3566749,,,0,0,0
"2020-03-05",13,"Madrid",90,"2020-03-05",90,"Madrid",0,0,0,0,0,0,0,0,0,2,2,1,1,0,0,0,0,0,0,0,0,05mar2020,4,3,2020,5,"Madrid",0,4.49981,.2513146,,,0,0,0
"2020-03-06",13,"Madrid",137,"2020-03-06",137,"Madrid",0,0,0,0,0,0,0,0,0,2,2,1,1,0,0,0,0,0,0,0,0,06mar2020,5,3,2020,6,"Madrid",0,4.919981,.4201713,,,0,0,0
"2020-03-07",13,"Madrid",174,"2020-03-07",174,"Madrid",0,0,0,0,0,0,0,0,0,2,2,1,1,0,0,0,0,0,0,0,0,07mar2020,6,3,2020,7,"Madrid",0,5.159055,.2390742,,,0,0,0
"2020-03-08",13,"Madrid",202,"2020-03-08",202,"Madrid",0,0,0,0,0,0,0,0,0,2,2,1,1,0,0,0,0,0,0,0,0,08mar2020,0,3,2020,8,"Madrid",0,5.308268,.1492124,,,0,0,0
"2020-03-09",13,"Madrid",469,"2020-03-09",469,"Madrid",3,1,0,0,0,0,1,0,0,2,2,1,1,1,1,0,0,0,0,1,0,09mar2020,1,3,2020,9,"Madrid",0,6.150603,.8423352,,,1,0,0
"2020-03-10",13,"Madrid",782,"2020-03-10",782,"Madrid",3,1,2,1,0,0,1,3,0,2,2,1,1,1,1,1,1,0,0,1,1,10mar2020,2,3,2020,10,"Madrid",0,6.661855,.5112519,,,1,1,0
"2020-03-11",13,"Madrid",1024,"2020-03-11",1024,"Madrid",3,1,2,1,0,0,1,3,0,2,2,1,1,1,1,1,1,0,0,1,1,11mar2020,3,3,2020,11,"Madrid",0,6.931472,.2696171,,,1,1,0
"2020-03-12",13,"Madrid",1388,"2020-03-12",1388,"Madrid",3,1,2,1,0,0,1,3,0,2,2,1,1,1,1,1,1,0,0,1,1,12mar2020,4,3,2020,12,"Madrid",0,7.235619,.3041472,,,1,1,0
"2020-03-13",13,"Madrid",1990,"2020-03-13",1990,"Madrid",3,1,2,1,0,0,1,3,0,2,2,1,1,1,1,1,1,0,0,1,1,13mar2020,5,3,2020,13,"Madrid",0,7.59589,.360271,,,1,1,0
"2020-03-14",13,"Madrid",2940,"2020-03-14",2940,"Madrid",3,2,2,1,1,2,1,3,0,2,2,1,1,1,1,1,1,1,1,1,1,14mar2020,6,3,2020,14,"Madrid",0,7.986165,.390275,,,1,1,1
"2020-03-15",13,"Madrid",3544,"2020-03-15",3544,"Madrid",3,2,2,1,1,2,1,3,0,2,2,1,1,1,1,1,1,1,1,1,1,15mar2020,0,3,2020,15,"Madrid",0,8.173012,.1868467,,,1,1,1
"2020-03-16",13,"Madrid",4165,"2020-03-16",4165,"Madrid",3,2,2,1,1,2,1,3,0,2,2,1,1,1,1,1,1,1,1,1,1,16mar2020,1,3,2020,16,"Madrid",0,8.334472,.1614599,,,1,1,1
"2020-03-17",13,"Madrid",4871,"2020-03-17",4871,"Madrid",3,2,2,1,1,2,1,4,0,2,2,1,1,1,1,1,1,1,1,1,1,17mar2020,2,3,2020,17,"Madrid",0,8.491055,.1565828,,,1,1,1
"2020-03-18",13,"Madrid",5637,"2020-03-18",5637,"Madrid",3,2,2,1,1,2,1,4,2,2,2,1,1,1,1,1,1,1,1,1,1,18mar2020,3,3,2020,18,"Madrid",0,8.637107,.1460524,,,1,1,1
"2020-03-19",13,"Madrid",6777,"2020-03-19",6777,"Madrid",3,2,2,1,1,2,1,4,2,2,2,1,1,1,1,1,1,1,1,1,1,19mar2020,4,3,2020,19,"Madrid",0,8.82129,.1841831,,,1,1,1
"2020-03-20",13,"Madrid",7165,"2020-03-20",7165,"Madrid",3,2,2,1,1,2,1,4,2,2,2,1,1,1,1,1,1,1,1,1,1,20mar2020,5,3,2020,20,"Madrid",0,8.876964,.0556736,,,1,1,1
"2020-03-21",13,"Madrid",8921,"2020-03-21",8921,"Madrid",3,2,2,1,1,2,1,4,2,2,2,1,1,1,1,1,1,1,1,1,1,21mar2020,6,3,2020,21,"Madrid",0,9.096164,.2192001,,,1,1,1
"2020-03-22",13,"Madrid",9702,"2020-03-22",9702,"Madrid",3,2,2,1,1,2,1,4,2,2,2,1,1,1,1,1,1,1,1,1,1,22mar2020,0,3,2020,22,"Madrid",0,9.180087,.0839233,,,1,1,1
"2020-03-23",13,"Madrid",10575,"2020-03-23",10575,"Madrid",3,2,2,1,1,2,1,4,2,2,2,1,1,1,1,1,1,1,1,1,1,23mar2020,1,3,2020,23,"Madrid",0,9.266248,.0861607,,,1,1,1
"2020-03-24",13,"Madrid",12352,"2020-03-24",12352,"Madrid",3,2,2,1,1,2,1,4,2,2,2,1,1,1,1,1,1,1,1,1,1,24mar2020,2,3,2020,24,"Madrid",0,9.421574,.1553259,,,1,1,1
"2020-03-25",13,"Madrid",14597,"2020-03-25",14597,"Madrid",3,2,2,1,1,2,1,4,2,2,2,1,1,1,1,1,1,1,1,1,1,25mar2020,3,3,2020,25,"Madrid",0,9.588572,.1669979,,,1,1,1
"2020-03-03",19,"Melilla",0,"2020-03-03",,"Melilla",0,0,0,0,0,0,0,0,0,2,2,1,1,0,0,0,0,0,0,0,0,03mar2020,2,3,2020,3,"Melilla",0,,,,,0,0,0
"2020-03-04",19,"Melilla",0,"2020-03-04",,"Melilla",0,0,0,0,0,0,0,0,0,2,2,1,1,0,0,0,0,0,0,0,0,04mar2020,3,3,2020,4,"Melilla",0,,,,,0,0,0
"2020-03-05",19,"Melilla",0,"2020-03-05",,"Melilla",0,0,0,0,0,0,0,0,0,2,2,1,1,0,0,0,0,0,0,0,0,05mar2020,4,3,2020,5,"Melilla",0,,,,,0,0,0
"2020-03-06",19,"Melilla",0,"2020-03-06",,"Melilla",0,0,0,0,0,0,0,0,0,2,2,1,1,0,0,0,0,0,0,0,0,06mar2020,5,3,2020,6,"Melilla",0,,,,,0,0,0
"2020-03-07",19,"Melilla",0,"2020-03-07",,"Melilla",0,0,0,0,0,0,0,0,0,2,2,1,1,0,0,0,0,0,0,0,0,07mar2020,6,3,2020,7,"Melilla",0,,,,,0,0,0
"2020-03-08",19,"Melilla",0,"2020-03-08",,"Melilla",0,0,0,0,0,0,0,0,0,2,2,1,1,0,0,0,0,0,0,0,0,08mar2020,0,3,2020,8,"Melilla",0,,,,,0,0,0
"2020-03-09",19,"Melilla",0,"2020-03-09",,"Melilla",3,1,0,0,0,0,1,0,0,2,2,1,1,1,1,0,0,0,0,1,0,09mar2020,1,3,2020,9,"Melilla",0,,,,,1,0,0
"2020-03-10",19,"Melilla",0,"2020-03-10",,"Melilla",3,1,2,1,0,0,1,3,0,2,2,1,1,1,1,1,1,0,0,1,1,10mar2020,2,3,2020,10,"Melilla",0,,,,,1,1,0
"2020-03-11",19,"Melilla",0,"2020-03-11",,"Melilla",3,1,2,1,0,0,1,3,0,2,2,1,1,1,1,1,1,0,0,1,1,11mar2020,3,3,2020,11,"Melilla",0,,,,,1,1,0
"2020-03-12",19,"Melilla",0,"2020-03-12",,"Melilla",3,1,2,1,0,0,1,3,0,2,2,1,1,1,1,1,1,0,0,1,1,12mar2020,4,3,2020,12,"Melilla",0,,,,,1,1,0
"2020-03-13",19,"Melilla",2,"2020-03-13",,"Melilla",3,1,2,1,0,0,1,3,0,2,2,1,1,1,1,1,1,0,0,1,1,13mar2020,5,3,2020,13,"Melilla",0,,,,,1,1,0
"2020-03-14",19,"Melilla",3,"2020-03-14",,"Melilla",3,2,2,1,1,2,1,3,0,2,2,1,1,1,1,1,1,1,1,1,1,14mar2020,6,3,2020,14,"Melilla",0,,,,,1,1,1
"2020-03-15",19,"Melilla",8,"2020-03-15",,"Melilla",3,2,2,1,1,2,1,3,0,2,2,1,1,1,1,1,1,1,1,1,1,15mar2020,0,3,2020,15,"Melilla",0,,,,,1,1,1
"2020-03-16",19,"Melilla",8,"2020-03-16",,"Melilla",3,2,2,1,1,2,1,3,0,2,2,1,1,1,1,1,1,1,1,1,1,16mar2020,1,3,2020,16,"Melilla",0,,,,,1,1,1
"2020-03-17",19,"Melilla",17,"2020-03-17",17,"Melilla",3,2,2,1,1,2,1,4,0,2,2,1,1,1,1,1,1,1,1,1,1,17mar2020,2,3,2020,17,"Melilla",0,2.833213,,,,1,1,1
"2020-03-18",19,"Melilla",20,"2020-03-18",20,"Melilla",3,2,2,1,1,2,1,4,2,2,2,1,1,1,1,1,1,1,1,1,1,18mar2020,3,3,2020,18,"Melilla",0,2.995732,.162519,,,1,1,1
"2020-03-19",19,"Melilla",23,"2020-03-19",23,"Melilla",3,2,2,1,1,2,1,4,2,2,2,1,1,1,1,1,1,1,1,1,1,19mar2020,4,3,2020,19,"Melilla",0,3.135494,.1397619,,,1,1,1
"2020-03-20",19,"Melilla",24,"2020-03-20",24,"Melilla",3,2,2,1,1,2,1,4,2,2,2,1,1,1,1,1,1,1,1,1,1,20mar2020,5,3,2020,20,"Melilla",0,3.178054,.0425596,,,1,1,1
"2020-03-21",19,"Melilla",25,"2020-03-21",25,"Melilla",3,2,2,1,1,2,1,4,2,2,2,1,1,1,1,1,1,1,1,1,1,21mar2020,6,3,2020,21,"Melilla",0,3.218876,.040822,,,1,1,1
"2020-03-22",19,"Melilla",25,"2020-03-22",25,"Melilla",3,2,2,1,1,2,1,4,2,2,2,1,1,1,1,1,1,1,1,1,1,22mar2020,0,3,2020,22,"Melilla",0,3.218876,0,,,1,1,1
"2020-03-23",19,"Melilla",28,"2020-03-23",28,"Melilla",3,2,2,1,1,2,1,4,2,2,2,1,1,1,1,1,1,1,1,1,1,23mar2020,1,3,2020,23,"Melilla",0,3.332205,.1133287,,,1,1,1
"2020-03-24",19,"Melilla",28,"2020-03-24",28,"Melilla",3,2,2,1,1,2,1,4,2,2,2,1,1,1,1,1,1,1,1,1,1,24mar2020,2,3,2020,24,"Melilla",0,3.332205,0,,,1,1,1
"2020-03-25",19,"Melilla",38,"2020-03-25",38,"Melilla",3,2,2,1,1,2,1,4,2,2,2,1,1,1,1,1,1,1,1,1,1,25mar2020,3,3,2020,25,"Melilla",0,3.637586,.3053815,,,1,1,1
"2020-03-03",14,"Murcia",0,"2020-03-03",,"Murcia",0,0,0,0,0,0,0,0,0,2,2,1,1,0,0,0,0,0,0,0,0,03mar2020,2,3,2020,3,"Murcia",0,,,,,0,0,0
"2020-03-04",14,"Murcia",0,"2020-03-04",,"Murcia",0,0,0,0,0,0,0,0,0,2,2,1,1,0,0,0,0,0,0,0,0,04mar2020,3,3,2020,4,"Murcia",0,,,,,0,0,0
"2020-03-05",14,"Murcia",0,"2020-03-05",,"Murcia",0,0,0,0,0,0,0,0,0,2,2,1,1,0,0,0,0,0,0,0,0,05mar2020,4,3,2020,5,"Murcia",0,,,,,0,0,0
"2020-03-06",14,"Murcia",0,"2020-03-06",,"Murcia",0,0,0,0,0,0,0,0,0,2,2,1,1,0,0,0,0,0,0,0,0,06mar2020,5,3,2020,6,"Murcia",0,,,,,0,0,0
"2020-03-07",14,"Murcia",0,"2020-03-07",,"Murcia",0,0,0,0,0,0,0,0,0,2,2,1,1,0,0,0,0,0,0,0,0,07mar2020,6,3,2020,7,"Murcia",0,,,,,0,0,0
"2020-03-08",14,"Murcia",1,"2020-03-08",,"Murcia",0,0,0,0,0,0,0,0,0,2,2,1,1,0,0,0,0,0,0,0,0,08mar2020,0,3,2020,8,"Murcia",0,,,,,0,0,0
"2020-03-09",14,"Murcia",4,"2020-03-09",,"Murcia",3,1,0,0,0,0,1,0,0,2,2,1,1,1,1,0,0,0,0,1,0,09mar2020,1,3,2020,9,"Murcia",0,,,,,1,0,0
"2020-03-10",14,"Murcia",9,"2020-03-10",,"Murcia",3,1,2,1,0,0,1,3,0,2,2,1,1,1,1,1,1,0,0,1,1,10mar2020,2,3,2020,10,"Murcia",0,,,,,1,1,0
"2020-03-11",14,"Murcia",11,"2020-03-11",11,"Murcia",3,1,2,1,0,0,1,3,0,2,2,1,1,1,1,1,1,0,0,1,1,11mar2020,3,3,2020,11,"Murcia",0,2.397895,,,,1,1,0
"2020-03-12",14,"Murcia",26,"2020-03-12",26,"Murcia",3,1,2,1,0,0,1,3,0,2,2,1,1,1,1,1,1,0,0,1,1,12mar2020,4,3,2020,12,"Murcia",0,3.258096,.8602011,,,1,1,0
"2020-03-13",14,"Murcia",35,"2020-03-13",35,"Murcia",3,1,2,1,0,0,1,3,0,2,2,1,1,1,1,1,1,0,0,1,1,13mar2020,5,3,2020,13,"Murcia",0,3.555348,.2972517,,,1,1,0
"2020-03-14",14,"Murcia",47,"2020-03-14",47,"Murcia",3,2,2,1,1,2,1,3,0,2,2,1,1,1,1,1,1,1,1,1,1,14mar2020,6,3,2020,14,"Murcia",0,3.850147,.2947993,,,1,1,1
"2020-03-15",14,"Murcia",71,"2020-03-15",71,"Murcia",3,2,2,1,1,2,1,3,0,2,2,1,1,1,1,1,1,1,1,1,1,15mar2020,0,3,2020,15,"Murcia",0,4.26268,.4125326,,,1,1,1
"2020-03-16",14,"Murcia",77,"2020-03-16",77,"Murcia",3,2,2,1,1,2,1,3,0,2,2,1,1,1,1,1,1,1,1,1,1,16mar2020,1,3,2020,16,"Murcia",0,4.343805,.0811253,,,1,1,1
"2020-03-17",14,"Murcia",97,"2020-03-17",97,"Murcia",3,2,2,1,1,2,1,4,0,2,2,1,1,1,1,1,1,1,1,1,1,17mar2020,2,3,2020,17,"Murcia",0,4.574711,.2309055,,,1,1,1
"2020-03-18",14,"Murcia",122,"2020-03-18",122,"Murcia",3,2,2,1,1,2,1,4,2,2,2,1,1,1,1,1,1,1,1,1,1,18mar2020,3,3,2020,18,"Murcia",0,4.804021,.22931,,,1,1,1
"2020-03-19",14,"Murcia",167,"2020-03-19",167,"Murcia",3,2,2,1,1,2,1,4,2,2,2,1,1,1,1,1,1,1,1,1,1,19mar2020,4,3,2020,19,"Murcia",0,5.117994,.3139729,,,1,1,1
"2020-03-20",14,"Murcia",204,"2020-03-20",204,"Murcia",3,2,2,1,1,2,1,4,2,2,2,1,1,1,1,1,1,1,1,1,1,20mar2020,5,3,2020,20,"Murcia",0,5.31812,.2001262,,,1,1,1
"2020-03-21",14,"Murcia",240,"2020-03-21",240,"Murcia",3,2,2,1,1,2,1,4,2,2,2,1,1,1,1,1,1,1,1,1,1,21mar2020,6,3,2020,21,"Murcia",0,5.480639,.162519,,,1,1,1
"2020-03-22",14,"Murcia",296,"2020-03-22",296,"Murcia",3,2,2,1,1,2,1,4,2,2,2,1,1,1,1,1,1,1,1,1,1,22mar2020,0,3,2020,22,"Murcia",0,5.69036,.2097206,,,1,1,1
"2020-03-23",14,"Murcia",345,"2020-03-23",345,"Murcia",3,2,2,1,1,2,1,4,2,2,2,1,1,1,1,1,1,1,1,1,1,23mar2020,1,3,2020,23,"Murcia",0,5.843544,.1531849,,,1,1,1
"2020-03-24",14,"Murcia",385,"2020-03-24",385,"Murcia",3,2,2,1,1,2,1,4,2,2,2,1,1,1,1,1,1,1,1,1,1,24mar2020,2,3,2020,24,"Murcia",0,5.953243,.1096988,,,1,1,1
"2020-03-25",14,"Murcia",477,"2020-03-25",477,"Murcia",3,2,2,1,1,2,1,4,2,2,2,1,1,1,1,1,1,1,1,1,1,25mar2020,3,3,2020,25,"Murcia",0,6.167517,.2142735,,,1,1,1
"2020-03-03",15,"Navarra",1,"2020-03-03",,"Navarra",0,0,0,0,0,0,0,0,0,2,2,1,1,0,0,0,0,0,0,0,0,03mar2020,2,3,2020,3,"Navarra",0,,,,,0,0,0
"2020-03-04",15,"Navarra",3,"2020-03-04",,"Navarra",0,0,0,0,0,0,0,0,0,2,2,1,1,0,0,0,0,0,0,0,0,04mar2020,3,3,2020,4,"Navarra",0,,,,,0,0,0
"2020-03-05",15,"Navarra",3,"2020-03-05",,"Navarra",0,0,0,0,0,0,0,0,0,2,2,1,1,0,0,0,0,0,0,0,0,05mar2020,4,3,2020,5,"Navarra",0,,,,,0,0,0
"2020-03-06",15,"Navarra",3,"2020-03-06",,"Navarra",0,0,0,0,0,0,0,0,0,2,2,1,1,0,0,0,0,0,0,0,0,06mar2020,5,3,2020,6,"Navarra",0,,,,,0,0,0
"2020-03-07",15,"Navarra",3,"2020-03-07",,"Navarra",0,0,0,0,0,0,0,0,0,2,2,1,1,0,0,0,0,0,0,0,0,07mar2020,6,3,2020,7,"Navarra",0,,,,,0,0,0
"2020-03-08",15,"Navarra",3,"2020-03-08",,"Navarra",0,0,0,0,0,0,0,0,0,2,2,1,1,0,0,0,0,0,0,0,0,08mar2020,0,3,2020,8,"Navarra",0,,,,,0,0,0
"2020-03-09",15,"Navarra",3,"2020-03-09",,"Navarra",3,1,0,0,0,0,1,0,0,2,2,1,1,1,1,0,0,0,0,1,0,09mar2020,1,3,2020,9,"Navarra",0,,,,,1,0,0
"2020-03-10",15,"Navarra",12,"2020-03-10",12,"Navarra",3,1,2,1,0,0,1,3,0,2,2,1,1,1,1,1,1,0,0,1,1,10mar2020,2,3,2020,10,"Navarra",0,2.484907,,,,1,1,0
"2020-03-11",15,"Navarra",46,"2020-03-11",46,"Navarra",3,1,2,1,0,0,1,3,0,2,2,1,1,1,1,1,1,0,0,1,1,11mar2020,3,3,2020,11,"Navarra",0,3.828641,1.343735,,,1,1,0
"2020-03-12",15,"Navarra",73,"2020-03-12",73,"Navarra",3,1,2,1,0,0,1,3,0,2,2,1,1,1,1,1,1,0,0,1,1,12mar2020,4,3,2020,12,"Navarra",0,4.29046,.4618182,,,1,1,0
"2020-03-13",15,"Navarra",130,"2020-03-13",130,"Navarra",3,1,2,1,0,0,1,3,0,2,2,1,1,1,1,1,1,0,0,1,1,13mar2020,5,3,2020,13,"Navarra",0,4.867535,.577075,,,1,1,0
"2020-03-14",15,"Navarra",146,"2020-03-14",146,"Navarra",3,2,2,1,1,2,1,3,0,2,2,1,1,1,1,1,1,1,1,1,1,14mar2020,6,3,2020,14,"Navarra",0,4.983607,.1160722,,,1,1,1
"2020-03-15",15,"Navarra",183,"2020-03-15",183,"Navarra",3,2,2,1,1,2,1,3,0,2,2,1,1,1,1,1,1,1,1,1,1,15mar2020,0,3,2020,15,"Navarra",0,5.209486,.2258792,,,1,1,1
"2020-03-16",15,"Navarra",274,"2020-03-16",274,"Navarra",3,2,2,1,1,2,1,3,0,2,2,1,1,1,1,1,1,1,1,1,1,16mar2020,1,3,2020,16,"Navarra",0,5.613128,.4036422,,,1,1,1
"2020-03-17",15,"Navarra",313,"2020-03-17",313,"Navarra",3,2,2,1,1,2,1,4,0,2,2,1,1,1,1,1,1,1,1,1,1,17mar2020,2,3,2020,17,"Navarra",0,5.746203,.1330752,,,1,1,1
"2020-03-18",15,"Navarra",386,"2020-03-18",386,"Navarra",3,2,2,1,1,2,1,4,2,2,2,1,1,1,1,1,1,1,1,1,1,18mar2020,3,3,2020,18,"Navarra",0,5.955837,.2096338,,,1,1,1
"2020-03-19",15,"Navarra",482,"2020-03-19",482,"Navarra",3,2,2,1,1,2,1,4,2,2,2,1,1,1,1,1,1,1,1,1,1,19mar2020,4,3,2020,19,"Navarra",0,6.177944,.2221069,,,1,1,1
"2020-03-20",15,"Navarra",554,"2020-03-20",554,"Navarra",3,2,2,1,1,2,1,4,2,2,2,1,1,1,1,1,1,1,1,1,1,20mar2020,5,3,2020,20,"Navarra",0,6.317165,.1392207,,,1,1,1
"2020-03-21",15,"Navarra",664,"2020-03-21",664,"Navarra",3,2,2,1,1,2,1,4,2,2,2,1,1,1,1,1,1,1,1,1,1,21mar2020,6,3,2020,21,"Navarra",0,6.498282,.1811171,,,1,1,1
"2020-03-22",15,"Navarra",794,"2020-03-22",794,"Navarra",3,2,2,1,1,2,1,4,2,2,2,1,1,1,1,1,1,1,1,1,1,22mar2020,0,3,2020,22,"Navarra",0,6.677083,.1788015,,,1,1,1
"2020-03-23",15,"Navarra",886,"2020-03-23",886,"Navarra",3,2,2,1,1,2,1,4,2,2,2,1,1,1,1,1,1,1,1,1,1,23mar2020,1,3,2020,23,"Navarra",0,6.786717,.1096334,,,1,1,1
"2020-03-24",15,"Navarra",1014,"2020-03-24",1014,"Navarra",3,2,2,1,1,2,1,4,2,2,2,1,1,1,1,1,1,1,1,1,1,24mar2020,2,3,2020,24,"Navarra",0,6.921658,.1349411,,,1,1,1
"2020-03-25",15,"Navarra",1197,"2020-03-25",1197,"Navarra",3,2,2,1,1,2,1,4,2,2,2,1,1,1,1,1,1,1,1,1,1,25mar2020,3,3,2020,25,"Navarra",0,7.087574,.1659155,,,1,1,1
"2020-03-03",16,"País Vasco",13,"2020-03-03",13,"País Vasco",0,0,0,0,0,0,0,0,0,2,2,1,1,0,0,0,0,0,0,0,0,03mar2020,2,3,2020,3,"País Vasco",0,2.564949,,,,0,0,0
"2020-03-04",16,"País Vasco",17,"2020-03-04",17,"País Vasco",0,0,0,0,0,0,0,0,0,2,2,1,1,0,0,0,0,0,0,0,0,04mar2020,3,3,2020,4,"País Vasco",0,2.833213,.2682641,,,0,0,0
"2020-03-05",16,"País Vasco",17,"2020-03-05",17,"País Vasco",0,0,0,0,0,0,0,0,0,2,2,1,1,0,0,0,0,0,0,0,0,05mar2020,4,3,2020,5,"País Vasco",0,2.833213,0,,,0,0,0
"2020-03-06",16,"País Vasco",45,"2020-03-06",45,"País Vasco",0,0,0,0,0,0,0,0,0,2,2,1,1,0,0,0,0,0,0,0,0,06mar2020,5,3,2020,6,"País Vasco",0,3.806663,.9734492,,,0,0,0
"2020-03-07",16,"País Vasco",45,"2020-03-07",45,"País Vasco",0,0,0,0,0,0,0,0,0,2,2,1,1,0,0,0,0,0,0,0,0,07mar2020,6,3,2020,7,"País Vasco",0,3.806663,0,,,0,0,0
"2020-03-08",16,"País Vasco",102,"2020-03-08",102,"País Vasco",0,0,0,0,0,0,0,0,0,2,2,1,1,0,0,0,0,0,0,0,0,08mar2020,0,3,2020,8,"País Vasco",0,4.624973,.8183103,,,0,0,0
"2020-03-09",16,"País Vasco",149,"2020-03-09",149,"País Vasco",3,1,0,0,0,0,1,0,0,2,2,1,1,1,1,0,0,0,0,1,0,09mar2020,1,3,2020,9,"País Vasco",0,5.003946,.3789735,,,1,0,0
"2020-03-10",16,"País Vasco",195,"2020-03-10",195,"País Vasco",3,1,2,1,0,0,1,3,0,2,2,1,1,1,1,1,1,0,0,1,1,10mar2020,2,3,2020,10,"País Vasco",0,5.273,.2690535,,,1,1,0
"2020-03-11",16,"País Vasco",225,"2020-03-11",225,"País Vasco",3,1,2,1,0,0,1,3,0,2,2,1,1,1,1,1,1,0,0,1,1,11mar2020,3,3,2020,11,"País Vasco",0,5.416101,.1431007,,,1,1,0
"2020-03-12",16,"País Vasco",346,"2020-03-12",346,"País Vasco",3,1,2,1,0,0,1,3,0,2,2,1,1,1,1,1,1,0,0,1,1,12mar2020,4,3,2020,12,"País Vasco",0,5.846439,.4303384,,,1,1,0
"2020-03-13",16,"País Vasco",417,"2020-03-13",417,"País Vasco",3,1,2,1,0,0,1,3,0,2,2,1,1,1,1,1,1,0,0,1,1,13mar2020,5,3,2020,13,"País Vasco",0,6.033086,.1866474,,,1,1,0
"2020-03-14",16,"País Vasco",417,"2020-03-14",417,"País Vasco",3,2,2,1,1,2,1,3,0,2,2,1,1,1,1,1,1,1,1,1,1,14mar2020,6,3,2020,14,"País Vasco",0,6.033086,0,,,1,1,1
"2020-03-15",16,"País Vasco",630,"2020-03-15",630,"País Vasco",3,2,2,1,1,2,1,3,0,2,2,1,1,1,1,1,1,1,1,1,1,15mar2020,0,3,2020,15,"País Vasco",0,6.44572,.4126334,,,1,1,1
"2020-03-16",16,"País Vasco",630,"2020-03-16",630,"País Vasco",3,2,2,1,1,2,1,3,0,2,2,1,1,1,1,1,1,1,1,1,1,16mar2020,1,3,2020,16,"País Vasco",0,6.44572,0,,,1,1,1
"2020-03-17",16,"País Vasco",765,"2020-03-17",765,"País Vasco",3,2,2,1,1,2,1,4,0,2,2,1,1,1,1,1,1,1,1,1,1,17mar2020,2,3,2020,17,"País Vasco",0,6.639876,.1941562,,,1,1,1
"2020-03-18",16,"País Vasco",973,"2020-03-18",973,"País Vasco",3,2,2,1,1,2,1,4,2,2,2,1,1,1,1,1,1,1,1,1,1,18mar2020,3,3,2020,18,"País Vasco",0,6.880384,.2405081,,,1,1,1
"2020-03-19",16,"País Vasco",1190,"2020-03-19",1190,"País Vasco",3,2,2,1,1,2,1,4,2,2,2,1,1,1,1,1,1,1,1,1,1,19mar2020,4,3,2020,19,"País Vasco",0,7.081708,.2013245,,,1,1,1
"2020-03-20",16,"País Vasco",1465,"2020-03-20",1465,"País Vasco",3,2,2,1,1,2,1,4,2,2,2,1,1,1,1,1,1,1,1,1,1,20mar2020,5,3,2020,20,"País Vasco",0,7.28961,.207902,,,1,1,1
"2020-03-21",16,"País Vasco",1725,"2020-03-21",1725,"País Vasco",3,2,2,1,1,2,1,4,2,2,2,1,1,1,1,1,1,1,1,1,1,21mar2020,6,3,2020,21,"País Vasco",0,7.452982,.163372,,,1,1,1
"2020-03-22",16,"País Vasco",2097,"2020-03-22",2097,"País Vasco",3,2,2,1,1,2,1,4,2,2,2,1,1,1,1,1,1,1,1,1,1,22mar2020,0,3,2020,22,"País Vasco",0,7.648263,.1952806,,,1,1,1
"2020-03-23",16,"País Vasco",2421,"2020-03-23",2421,"País Vasco",3,2,2,1,1,2,1,4,2,2,2,1,1,1,1,1,1,1,1,1,1,23mar2020,1,3,2020,23,"País Vasco",0,7.791936,.1436729,,,1,1,1
"2020-03-24",16,"País Vasco",2728,"2020-03-24",2728,"País Vasco",3,2,2,1,1,2,1,4,2,2,2,1,1,1,1,1,1,1,1,1,1,24mar2020,2,3,2020,24,"País Vasco",0,7.911324,.1193881,,,1,1,1
"2020-03-25",16,"País Vasco",3271,"2020-03-25",3271,"País Vasco",3,2,2,1,1,2,1,4,2,2,2,1,1,1,1,1,1,1,1,1,1,25mar2020,3,3,2020,25,"País Vasco",0,8.092851,.1815267,,,1,1,1
"2020-03-03",0,"Total",150,"2020-03-03",150,"Total",0,0,0,0,0,0,0,0,0,2,2,1,1,0,0,0,0,0,0,0,0,03mar2020,2,3,2020,3,"Total",1,5.010635,,.2520733,.1627085,0,0,0
"2020-03-04",0,"Total",198,"2020-03-04",198,"Total",0,0,0,0,0,0,0,0,0,2,2,1,1,0,0,0,0,0,0,0,0,04mar2020,3,3,2020,4,"Total",1,5.288267,.2776318,.2520733,.1627085,0,0,0
"2020-03-05",0,"Total",237,"2020-03-05",237,"Total",0,0,0,0,0,0,0,0,0,2,2,1,1,0,0,0,0,0,0,0,0,05mar2020,4,3,2020,5,"Total",1,5.46806,.1797929,.2520733,.1226442,0,0,0
"2020-03-06",0,"Total",365,"2020-03-06",365,"Total",0,0,0,0,0,0,0,0,0,2,2,1,1,0,0,0,0,0,0,0,0,06mar2020,5,3,2020,6,"Total",1,5.899898,.4318376,.2520733,.4195496,0,0,0
"2020-03-07",0,"Total",430,"2020-03-07",430,"Total",0,0,0,0,0,0,0,0,0,2,2,1,1,0,0,0,0,0,0,0,0,07mar2020,6,3,2020,7,"Total",1,6.063785,.1638875,.2520733,.1311835,0,0,0
"2020-03-08",0,"Total",589,"2020-03-08",589,"Total",0,0,0,0,0,0,0,0,0,2,2,1,1,0,0,0,0,0,0,0,0,08mar2020,0,3,2020,8,"Total",1,6.378426,.314641,.2520733,.3282085,0,0,0
"2020-03-09",0,"Total",999,"2020-03-09",999,"Total",3,1,0,0,0,0,1,0,0,2,2,1,1,1,1,0,0,0,0,1,0,09mar2020,1,3,2020,9,"Total",1,6.906755,.5283289,.2520733,.3206987,1,0,0
"2020-03-10",0,"Total",1622,"2020-03-10",1622,"Total",3,1,2,1,0,0,1,3,0,2,2,1,1,1,1,1,1,0,0,1,1,10mar2020,2,3,2020,10,"Total",1,7.391415,.4846601,.2520733,.4292901,1,1,0
"2020-03-11",0,"Total",2128,"2020-03-11",2128,"Total",3,1,2,1,0,0,1,3,0,2,2,1,1,1,1,1,1,0,0,1,1,11mar2020,3,3,2020,11,"Total",1,7.662938,.2715225,.2520733,.3454396,1,1,0
"2020-03-12",0,"Total",2950,"2020-03-12",2950,"Total",3,1,2,1,0,0,1,3,0,2,2,1,1,1,1,1,1,0,0,1,1,12mar2020,4,3,2020,12,"Total",1,7.989561,.326623,.2520733,.3647552,1,1,0
"2020-03-13",0,"Total",4209,"2020-03-13",4209,"Total",3,1,2,1,0,0,1,3,0,2,2,1,1,1,1,1,1,0,0,1,1,13mar2020,5,3,2020,13,"Total",1,8.34498,.3554196,.2520733,.41862,1,1,0
"2020-03-14",0,"Total",5753,"2020-03-14",5753,"Total",3,2,2,1,1,2,1,3,0,2,2,1,1,1,1,1,1,1,1,1,1,14mar2020,6,3,2020,14,"Total",1,8.657476,.3124962,.2520733,.2584768,1,1,1
"2020-03-15",0,"Total",7753,"2020-03-15",7753,"Total",3,2,2,1,1,2,1,3,0,2,2,1,1,1,1,1,1,1,1,1,1,15mar2020,0,3,2020,15,"Total",1,8.955835,.2983589,.2520733,.3760573,1,1,1
"2020-03-16",0,"Total",9191,"2020-03-16",9191,"Total",3,2,2,1,1,2,1,3,0,2,2,1,1,1,1,1,1,1,1,1,1,16mar2020,1,3,2020,16,"Total",1,9.12598,.170145,.2520733,.2105778,1,1,1
"2020-03-17",0,"Total",11178,"2020-03-17",11178,"Total",3,2,2,1,1,2,1,4,0,2,2,1,1,1,1,1,1,1,1,1,1,17mar2020,2,3,2020,17,"Total",1,9.321703,.1957226,.2520733,.1902107,1,1,1
"2020-03-18",0,"Total",13716,"2020-03-18",13716,"Total",3,2,2,1,1,2,1,4,2,2,2,1,1,1,1,1,1,1,1,1,1,18mar2020,3,3,2020,18,"Total",1,9.526319,.2046156,.2520733,.213138,1,1,1
"2020-03-19",0,"Total",17147,"2020-03-19",17147,"Total",3,2,2,1,1,2,1,4,2,2,2,1,1,1,1,1,1,1,1,1,1,19mar2020,4,3,2020,19,"Total",1,9.749578,.2232599,.2520733,.2267772,1,1,1
"2020-03-20",0,"Total",19980,"2020-03-20",19980,"Total",3,2,2,1,1,2,1,4,2,2,2,1,1,1,1,1,1,1,1,1,1,20mar2020,5,3,2020,20,"Total",1,9.902487,.1529083,.2520733,.2044133,1,1,1
"2020-03-21",0,"Total",24926,"2020-03-21",24926,"Total",3,2,2,1,1,2,1,4,2,2,2,1,1,1,1,1,1,1,1,1,1,21mar2020,6,3,2020,21,"Total",1,10.12367,.22118,.2520733,.2110462,1,1,1
"2020-03-22",0,"Total",28572,"2020-03-22",28572,"Total",3,2,2,1,1,2,1,4,2,2,2,1,1,1,1,1,1,1,1,1,1,22mar2020,0,3,2020,22,"Total",1,10.26018,.1365156,.2520733,.1660461,1,1,1
"2020-03-23",0,"Total",33089,"2020-03-23",33089,"Total",3,2,2,1,1,2,1,4,2,2,2,1,1,1,1,1,1,1,1,1,1,23mar2020,1,3,2020,23,"Total",1,10.40696,.1467733,.2520733,.1607377,1,1,1
"2020-03-24",0,"Total",39673,"2020-03-24",39673,"Total",3,2,2,1,1,2,1,4,2,2,2,1,1,1,1,1,1,1,1,1,1,24mar2020,2,3,2020,24,"Total",1,10.58843,.1814709,.2520733,.1573147,1,1,1
"2020-03-25",0,"Total",47610,"2020-03-25",47610,"Total",3,2,2,1,1,2,1,4,2,2,2,1,1,1,1,1,1,1,1,1,1,25mar2020,3,3,2020,25,"Total",1,10.7708,.1823711,.2520733,.1811387,1,1,1
