areatype,areaname,areacode,date,newcasesbyspecimendate,cumcasesbyspecimendate,adm1_name,cum_confirmed_cases,c1_schoolclosing,c2_workplaceclosing,c3_cancelpublicevents,c4_restrictionsongatherings,c5_closepublictransport,c6_stayathomerequirements,c7_domestictravel,c8_internationaltravel,e1_incomesupport,e2_debtcontractrelief,h1_publicinfocampaign,h2_testingpolicy,h3_contacttracing,school_closure,work_from_home,no_public_gathering,no_private_gathering,transit_suspension,home_isolation,travel_ban_local,t,dow,month,year,day,adm1_id,longest_series,daily_confirmed_cases,l_cum_confirmed_cases,D_l_cum_confirmed_cases,sample_avg,day_avg,p_uk_1,p_uk_2,p_uk_3,p_uk_4,p_uk_5
"region","East Midlands","E12000004","2020-03-04",2,16,"East Midlands",16,"0","0","0","0","0","0","0","0","0","0","2","1","2",0,0,0,0,0,0,0,04mar2020,3,3,2020,4,"East Midlands",0,,,,,,0,0,0,0,0
"region","East Midlands","E12000004","2020-03-05",3,19,"East Midlands",19,"0","0","0","0","0","0","0","0","0","0","2","1","2",0,0,0,0,0,0,0,05mar2020,4,3,2020,5,"East Midlands",0,3,1.098612,,,,0,0,0,0,0
"region","East Midlands","E12000004","2020-03-06",7,26,"East Midlands",26,"0","0","0","0","0","0","0","0","0","0","2","1","2",0,0,0,0,0,0,0,06mar2020,5,3,2020,6,"East Midlands",0,7,1.94591,.8472978,,,0,0,0,0,0
"region","East Midlands","E12000004","2020-03-07",4,30,"East Midlands",30,"0","0","0","0","0","0","0","0","0","0","2","1","2",0,0,0,0,0,0,0,07mar2020,6,3,2020,7,"East Midlands",0,4,1.386294,,,,0,0,0,0,0
"region","East Midlands","E12000004","2020-03-08",1,31,"East Midlands",31,"0","0","0","0","0","0","0","0","0","0","2","1","2",0,0,0,0,0,0,0,08mar2020,0,3,2020,8,"East Midlands",0,1,0,,,,0,0,0,0,0
"region","East Midlands","E12000004","2020-03-09",10,41,"East Midlands",41,"0","0","0","0","0","0","0","0","0","0","2","1","2",0,0,0,0,0,0,0,09mar2020,1,3,2020,9,"East Midlands",0,10,2.302585,2.302585,,,0,0,0,0,0
"region","East Midlands","E12000004","2020-03-10",12,53,"East Midlands",53,"0","0","0","0","0","0","0","0","0","0","2","1","2",0,0,0,0,0,0,0,10mar2020,2,3,2020,10,"East Midlands",0,12,2.484907,.1823215,,,0,0,0,0,0
"region","East Midlands","E12000004","2020-03-11",25,78,"East Midlands",78,"0","0","0","0","0","0","0","0","0","0","2","1","2",0,0,0,0,0,0,0,11mar2020,3,3,2020,11,"East Midlands",0,25,3.218876,.7339692,,,0,0,0,0,0
"region","East Midlands","E12000004","2020-03-12",18,96,"East Midlands",96,"0","0","0","0","0","0","0","0","0","0","2","1","0",0,0,0,0,0,0,0,12mar2020,4,3,2020,12,"East Midlands",0,18,2.890372,,,,0,0,0,0,0
"region","East Midlands","E12000004","2020-03-13",22,118,"East Midlands",118,"0","0","0","0","0","1","0","0","0","0","2","1","0",0,0,0,0,0,1,0,13mar2020,5,3,2020,13,"East Midlands",0,22,3.091043,.2006707,,,0,1,0,0,0
"region","East Midlands","E12000004","2020-03-14",19,137,"East Midlands",137,"0","0","0","0","0","1","0","0","0","0","2","1","0",0,0,0,0,0,1,0,14mar2020,6,3,2020,14,"East Midlands",0,19,2.944439,,,,0,1,0,0,0
"region","East Midlands","E12000004","2020-03-15",26,163,"East Midlands",163,"0","0","0","0","0","1","0","0","0","0","2","1","0",0,0,0,0,0,1,0,15mar2020,0,3,2020,15,"East Midlands",0,26,3.258096,.3136575,,,0,1,0,0,0
"region","East Midlands","E12000004","2020-03-16",34,197,"East Midlands",197,"0","1","1","0","0","1","0","0","0","0","2","1","0",0,1,1,0,0,1,0,16mar2020,1,3,2020,16,"East Midlands",0,34,3.526361,.2682641,,,0,1,0,0,0
"region","East Midlands","E12000004","2020-03-17",33,230,"East Midlands",230,"0","1","1","0","0","1","0","0","0","1","2","1","0",0,1,1,0,0,1,0,17mar2020,2,3,2020,17,"East Midlands",0,33,3.496508,,,,0,1,0,0,0
"region","East Midlands","E12000004","2020-03-18",49,279,"East Midlands",279,"3","1","1","0","0","1","0","0","0","1","2","1","0",1,1,1,0,0,1,0,18mar2020,3,3,2020,18,"East Midlands",0,49,3.89182,.3953125,,,1,1,0,0,0
"region","East Midlands","E12000004","2020-03-19",66,345,"East Midlands",345,"3","1","1","0","0","1","0","0","0","2","2","1","0",1,1,1,0,0,1,0,19mar2020,4,3,2020,19,"East Midlands",0,66,4.189655,.2978346,,,1,1,0,0,0
"region","East Midlands","E12000004","2020-03-20",53,398,"East Midlands",398,"3","1","1","0","1","1","0","0","2","2","2","1","0",1,1,1,0,1,1,0,20mar2020,5,3,2020,20,"East Midlands",0,53,3.970292,,,,1,1,0,1,0
"region","East Midlands","E12000004","2020-03-21",69,467,"East Midlands",467,"3","2","2","0","1","1","0","0","2","2","2","1","0",1,1,1,0,1,1,0,21mar2020,6,3,2020,21,"East Midlands",0,69,4.234107,.2638147,,,1,1,0,1,0
"region","East Midlands","E12000004","2020-03-22",99,566,"East Midlands",566,"3","2","2","0","1","2","2","0","2","2","2","1","0",1,1,1,0,1,1,1,22mar2020,0,3,2020,22,"East Midlands",0,99,4.59512,.3610134,,,1,1,0,1,1
"region","East Midlands","E12000004","2020-03-23",117,683,"East Midlands",683,"3","2","2","4","1","2","2","0","2","2","2","1","0",1,1,1,1,1,1,1,23mar2020,1,3,2020,23,"East Midlands",0,117,4.762174,.1670542,,,1,1,1,1,1
"region","East Midlands","E12000004","2020-03-24",136,819,"East Midlands",819,"3","2","2","4","1","2","2","0","2","2","2","1","0",1,1,1,1,1,1,1,24mar2020,2,3,2020,24,"East Midlands",0,136,4.912655,.1504807,,,1,1,1,1,1
"region","East Midlands","E12000004","2020-03-25",116,935,"East Midlands",935,"3","2","2","4","1","2","2","0","2","2","2","1","0",1,1,1,1,1,1,1,25mar2020,3,3,2020,25,"East Midlands",0,116,4.75359,,,,1,1,1,1,1
"region","East Midlands","E12000004","2020-03-26",154,1089,"East Midlands",1089,"3","2","2","4","1","2","2","0","2","2","2","1","0",1,1,1,1,1,1,1,26mar2020,4,3,2020,26,"East Midlands",0,154,5.036952,.2833624,,,1,1,1,1,1
"region","East Midlands","E12000004","2020-03-27",137,1226,"East Midlands",1226,"3","2","2","4","1","2","2","0","2","2","2","1","0",1,1,1,1,1,1,1,27mar2020,5,3,2020,27,"East Midlands",0,137,4.919981,,,,1,1,1,1,1
"region","East Midlands","E12000004","2020-03-28",159,1385,"East Midlands",1385,"3","2","2","4","1","2","2","0","2","2","2","1","0",1,1,1,1,1,1,1,28mar2020,6,3,2020,28,"East Midlands",0,159,5.068904,.1489234,,,1,1,1,1,1
"region","East Midlands","E12000004","2020-03-29",129,1514,"East Midlands",1514,"3","2","2","4","1","2","2","0","2","2","2","1","0",1,1,1,1,1,1,1,29mar2020,0,3,2020,29,"East Midlands",0,129,4.859812,,,,1,1,1,1,1
"region","East Midlands","E12000004","2020-03-30",207,1721,"East Midlands",1721,"3","2","2","4","1","2","2","0","2","2","2","1","0",1,1,1,1,1,1,1,30mar2020,1,3,2020,30,"East Midlands",0,207,5.332719,.4729066,,,1,1,1,1,1
"region","East Midlands","E12000004","2020-03-31",277,1998,"East Midlands",1998,"3","2","2","4","1","2","2","0","2","2","2","1","0",1,1,1,1,1,1,1,31mar2020,2,3,2020,31,"East Midlands",0,277,5.624018,.2912989,,,1,1,1,1,1
"region","East Midlands","E12000004","2020-04-01",296,2294,"East Midlands",2294,"3","2","2","4","1","2","2","0","2","2","2","1","0",1,1,1,1,1,1,1,01apr2020,3,4,2020,1,"East Midlands",0,296,5.69036,.0663419,,,1,1,1,1,1
"region","East Midlands","E12000004","2020-04-02",213,2507,"East Midlands",2507,"3","2","2","4","1","2","2","0","2","2","2","1","0",1,1,1,1,1,1,1,02apr2020,4,4,2020,2,"East Midlands",0,213,5.361292,,,,1,1,1,1,1
"region","East Midlands","E12000004","2020-04-03",259,2766,"East Midlands",2766,"3","2","2","4","1","2","2","0","2","2","2","1","0",1,1,1,1,1,1,1,03apr2020,5,4,2020,3,"East Midlands",0,259,5.556828,.1955357,,,1,1,1,1,1
"region","East Midlands","E12000004","2020-04-04",189,2955,"East Midlands",2955,"3","2","2","4","1","2","2","0","2","2","2","1","0",1,1,1,1,1,1,1,04apr2020,6,4,2020,4,"East Midlands",0,189,5.241747,,,,1,1,1,1,1
"region","East Midlands","E12000004","2020-04-05",148,3103,"East Midlands",3103,"3","2","2","4","1","2","2","0","2","2","2","1","0",1,1,1,1,1,1,1,05apr2020,0,4,2020,5,"East Midlands",0,148,4.997212,,,,1,1,1,1,1
"region","East Midlands","E12000004","2020-04-06",215,3318,"East Midlands",3318,"3","2","2","4","1","2","2","0","2","2","2","1","0",1,1,1,1,1,1,1,06apr2020,1,4,2020,6,"East Midlands",0,215,5.370638,.3734255,,,1,1,1,1,1
"region","East of England","E12000006","2020-03-04",7,19,"East of England",19,"0","0","0","0","0","0","0","0","0","0","2","1","2",0,0,0,0,0,0,0,04mar2020,3,3,2020,4,"East of England",0,,,,,,0,0,0,0,0
"region","East of England","E12000006","2020-03-05",1,20,"East of England",20,"0","0","0","0","0","0","0","0","0","0","2","1","2",0,0,0,0,0,0,0,05mar2020,4,3,2020,5,"East of England",0,1,0,,,,0,0,0,0,0
"region","East of England","E12000006","2020-03-06",5,25,"East of England",25,"0","0","0","0","0","0","0","0","0","0","2","1","2",0,0,0,0,0,0,0,06mar2020,5,3,2020,6,"East of England",0,5,1.609438,1.609438,,,0,0,0,0,0
"region","East of England","E12000006","2020-03-07",3,28,"East of England",28,"0","0","0","0","0","0","0","0","0","0","2","1","2",0,0,0,0,0,0,0,07mar2020,6,3,2020,7,"East of England",0,3,1.098612,,,,0,0,0,0,0
"region","East of England","E12000006","2020-03-08",2,30,"East of England",30,"0","0","0","0","0","0","0","0","0","0","2","1","2",0,0,0,0,0,0,0,08mar2020,0,3,2020,8,"East of England",0,2,.6931472,,,,0,0,0,0,0
"region","East of England","E12000006","2020-03-09",4,34,"East of England",34,"0","0","0","0","0","0","0","0","0","0","2","1","2",0,0,0,0,0,0,0,09mar2020,1,3,2020,9,"East of England",0,4,1.386294,.6931472,,,0,0,0,0,0
"region","East of England","E12000006","2020-03-10",16,50,"East of England",50,"0","0","0","0","0","0","0","0","0","0","2","1","2",0,0,0,0,0,0,0,10mar2020,2,3,2020,10,"East of England",0,16,2.772589,1.386294,,,0,0,0,0,0
"region","East of England","E12000006","2020-03-11",14,64,"East of England",64,"0","0","0","0","0","0","0","0","0","0","2","1","2",0,0,0,0,0,0,0,11mar2020,3,3,2020,11,"East of England",0,14,2.639057,,,,0,0,0,0,0
"region","East of England","E12000006","2020-03-12",18,82,"East of England",82,"0","0","0","0","0","0","0","0","0","0","2","1","0",0,0,0,0,0,0,0,12mar2020,4,3,2020,12,"East of England",0,18,2.890372,.2513144,,,0,0,0,0,0
"region","East of England","E12000006","2020-03-13",37,119,"East of England",119,"0","0","0","0","0","1","0","0","0","0","2","1","0",0,0,0,0,0,1,0,13mar2020,5,3,2020,13,"East of England",0,37,3.610918,.720546,,,0,1,0,0,0
"region","East of England","E12000006","2020-03-14",16,135,"East of England",135,"0","0","0","0","0","1","0","0","0","0","2","1","0",0,0,0,0,0,1,0,14mar2020,6,3,2020,14,"East of England",0,16,2.772589,,,,0,1,0,0,0
"region","East of England","E12000006","2020-03-15",35,170,"East of England",170,"0","0","0","0","0","1","0","0","0","0","2","1","0",0,0,0,0,0,1,0,15mar2020,0,3,2020,15,"East of England",0,35,3.555348,.7827594,,,0,1,0,0,0
"region","East of England","E12000006","2020-03-16",23,193,"East of England",193,"0","1","1","0","0","1","0","0","0","0","2","1","0",0,1,1,0,0,1,0,16mar2020,1,3,2020,16,"East of England",0,23,3.135494,,,,0,1,0,0,0
"region","East of England","E12000006","2020-03-17",39,232,"East of England",232,"0","1","1","0","0","1","0","0","0","1","2","1","0",0,1,1,0,0,1,0,17mar2020,2,3,2020,17,"East of England",0,39,3.663562,.5280674,,,0,1,0,0,0
"region","East of England","E12000006","2020-03-18",74,306,"East of England",306,"3","1","1","0","0","1","0","0","0","1","2","1","0",1,1,1,0,0,1,0,18mar2020,3,3,2020,18,"East of England",0,74,4.304065,.6405036,,,1,1,0,0,0
"region","East of England","E12000006","2020-03-19",56,362,"East of England",362,"3","1","1","0","0","1","0","0","0","2","2","1","0",1,1,1,0,0,1,0,19mar2020,4,3,2020,19,"East of England",0,56,4.025352,,,,1,1,0,0,0
"region","East of England","E12000006","2020-03-20",70,432,"East of England",432,"3","1","1","0","1","1","0","0","2","2","2","1","0",1,1,1,0,1,1,0,20mar2020,5,3,2020,20,"East of England",0,70,4.248495,.2231436,,,1,1,0,1,0
"region","East of England","E12000006","2020-03-21",76,508,"East of England",508,"3","2","2","0","1","1","0","0","2","2","2","1","0",1,1,1,0,1,1,0,21mar2020,6,3,2020,21,"East of England",0,76,4.330733,.0822382,,,1,1,0,1,0
"region","East of England","E12000006","2020-03-22",91,599,"East of England",599,"3","2","2","0","1","2","2","0","2","2","2","1","0",1,1,1,0,1,1,1,22mar2020,0,3,2020,22,"East of England",0,91,4.510859,.1801262,,,1,1,0,1,1
"region","East of England","E12000006","2020-03-23",196,795,"East of England",795,"3","2","2","4","1","2","2","0","2","2","2","1","0",1,1,1,1,1,1,1,23mar2020,1,3,2020,23,"East of England",0,196,5.278115,.7672553,,,1,1,1,1,1
"region","East of England","E12000006","2020-03-24",165,960,"East of England",960,"3","2","2","4","1","2","2","0","2","2","2","1","0",1,1,1,1,1,1,1,24mar2020,2,3,2020,24,"East of England",0,165,5.105946,,,,1,1,1,1,1
"region","East of England","E12000006","2020-03-25",188,1148,"East of England",1148,"3","2","2","4","1","2","2","0","2","2","2","1","0",1,1,1,1,1,1,1,25mar2020,3,3,2020,25,"East of England",0,188,5.236442,.1304965,,,1,1,1,1,1
"region","East of England","E12000006","2020-03-26",215,1363,"East of England",1363,"3","2","2","4","1","2","2","0","2","2","2","1","0",1,1,1,1,1,1,1,26mar2020,4,3,2020,26,"East of England",0,215,5.370638,.1341958,,,1,1,1,1,1
"region","East of England","E12000006","2020-03-27",244,1607,"East of England",1607,"3","2","2","4","1","2","2","0","2","2","2","1","0",1,1,1,1,1,1,1,27mar2020,5,3,2020,27,"East of England",0,244,5.497168,.1265302,,,1,1,1,1,1
"region","East of England","E12000006","2020-03-28",183,1790,"East of England",1790,"3","2","2","4","1","2","2","0","2","2","2","1","0",1,1,1,1,1,1,1,28mar2020,6,3,2020,28,"East of England",0,183,5.209486,,,,1,1,1,1,1
"region","East of England","E12000006","2020-03-29",209,1999,"East of England",1999,"3","2","2","4","1","2","2","0","2","2","2","1","0",1,1,1,1,1,1,1,29mar2020,0,3,2020,29,"East of England",0,209,5.342334,.1328483,,,1,1,1,1,1
"region","East of England","E12000006","2020-03-30",300,2299,"East of England",2299,"3","2","2","4","1","2","2","0","2","2","2","1","0",1,1,1,1,1,1,1,30mar2020,1,3,2020,30,"East of England",0,300,5.703783,.3614483,,,1,1,1,1,1
"region","East of England","E12000006","2020-03-31",322,2621,"East of England",2621,"3","2","2","4","1","2","2","0","2","2","2","1","0",1,1,1,1,1,1,1,31mar2020,2,3,2020,31,"East of England",0,322,5.774551,.0707688,,,1,1,1,1,1
"region","East of England","E12000006","2020-04-01",333,2954,"East of England",2954,"3","2","2","4","1","2","2","0","2","2","2","1","0",1,1,1,1,1,1,1,01apr2020,3,4,2020,1,"East of England",0,333,5.808143,.0335913,,,1,1,1,1,1
"region","East of England","E12000006","2020-04-02",372,3326,"East of England",3326,"3","2","2","4","1","2","2","0","2","2","2","1","0",1,1,1,1,1,1,1,02apr2020,4,4,2020,2,"East of England",0,372,5.918894,.1107512,,,1,1,1,1,1
"region","East of England","E12000006","2020-04-03",352,3678,"East of England",3678,"3","2","2","4","1","2","2","0","2","2","2","1","0",1,1,1,1,1,1,1,03apr2020,5,4,2020,3,"East of England",0,352,5.863631,,,,1,1,1,1,1
"region","East of England","E12000006","2020-04-04",269,3947,"East of England",3947,"3","2","2","4","1","2","2","0","2","2","2","1","0",1,1,1,1,1,1,1,04apr2020,6,4,2020,4,"East of England",0,269,5.594711,,,,1,1,1,1,1
"region","East of England","E12000006","2020-04-05",281,4228,"East of England",4228,"3","2","2","4","1","2","2","0","2","2","2","1","0",1,1,1,1,1,1,1,05apr2020,0,4,2020,5,"East of England",0,281,5.638355,.0436435,,,1,1,1,1,1
"region","East of England","E12000006","2020-04-06",385,4613,"East of England",4613,"3","2","2","4","1","2","2","0","2","2","2","1","0",1,1,1,1,1,1,1,06apr2020,1,4,2020,6,"East of England",0,385,5.953243,.3148885,,,1,1,1,1,1
"region","London","E12000007","2020-03-04",18,53,"London",53,"0","0","0","0","0","0","0","0","0","0","2","1","2",0,0,0,0,0,0,0,04mar2020,3,3,2020,4,"London",1,,,,.3548142,.8918446,0,0,0,0,0
"region","London","E12000007","2020-03-05",14,67,"London",67,"0","0","0","0","0","0","0","0","0","0","2","1","2",0,0,0,0,0,0,0,05mar2020,4,3,2020,5,"London",1,14,2.639057,,.3548142,.8918446,0,0,0,0,0
"region","London","E12000007","2020-03-06",23,90,"London",90,"0","0","0","0","0","0","0","0","0","0","2","1","2",0,0,0,0,0,0,0,06mar2020,5,3,2020,6,"London",1,23,3.135494,.4964368,.3548142,.8918446,0,0,0,0,0
"region","London","E12000007","2020-03-07",14,104,"London",104,"0","0","0","0","0","0","0","0","0","0","2","1","2",0,0,0,0,0,0,0,07mar2020,6,3,2020,7,"London",1,14,2.639057,,.3548142,.9770646,0,0,0,0,0
"region","London","E12000007","2020-03-08",22,126,"London",126,"0","0","0","0","0","0","0","0","0","0","2","1","2",0,0,0,0,0,0,0,08mar2020,0,3,2020,8,"London",1,22,3.091043,.4519851,.3548142,.591247,0,0,0,0,0
"region","London","E12000007","2020-03-09",53,179,"London",179,"0","0","0","0","0","0","0","0","0","0","2","1","2",0,0,0,0,0,0,0,09mar2020,1,3,2020,9,"London",1,53,3.970292,.8792493,.3548142,.8922741,0,0,0,0,0
"region","London","E12000007","2020-03-10",91,270,"London",270,"0","0","0","0","0","0","0","0","0","0","2","1","2",0,0,0,0,0,0,0,10mar2020,2,3,2020,10,"London",1,91,4.510859,.5405676,.3548142,.7013764,0,0,0,0,0
"region","London","E12000007","2020-03-11",183,453,"London",453,"0","0","0","0","0","0","0","0","0","0","2","1","2",0,0,0,0,0,0,0,11mar2020,3,3,2020,11,"London",1,183,5.209486,.6986265,.3548142,.468996,0,0,0,0,0
"region","London","E12000007","2020-03-12",165,618,"London",618,"0","0","0","0","0","0","0","0","0","0","2","1","0",0,0,0,0,0,0,0,12mar2020,4,3,2020,12,"London",1,165,5.105946,,.3548142,.4828412,0,0,0,0,0
"region","London","E12000007","2020-03-13",136,754,"London",754,"0","0","0","0","0","1","0","0","0","0","2","1","0",0,0,0,0,0,1,0,13mar2020,5,3,2020,13,"London",1,136,4.912655,,.3548142,.5110694,0,1,0,0,0
"region","London","E12000007","2020-03-14",149,903,"London",903,"0","0","0","0","0","1","0","0","0","0","2","1","0",0,0,0,0,0,1,0,14mar2020,6,3,2020,14,"London",1,149,5.003946,.0912914,.3548142,.0304305,0,1,0,0,0
"region","London","E12000007","2020-03-15",165,1068,"London",1068,"0","0","0","0","0","1","0","0","0","0","2","1","0",0,0,0,0,0,1,0,15mar2020,0,3,2020,15,"London",1,165,5.105946,.1019993,.3548142,.4066846,0,1,0,0,0
"region","London","E12000007","2020-03-16",234,1302,"London",1302,"0","1","1","0","0","1","0","0","0","0","2","1","0",0,1,1,0,0,1,0,16mar2020,1,3,2020,16,"London",1,234,5.455321,.3493757,.3548142,.4602649,0,1,0,0,0
"region","London","E12000007","2020-03-17",310,1612,"London",1612,"0","1","1","0","0","1","0","0","0","1","2","1","0",0,1,1,0,0,1,0,17mar2020,2,3,2020,17,"London",1,310,5.736572,.281251,.3548142,.3189447,0,1,0,0,0
"region","London","E12000007","2020-03-18",356,1968,"London",1968,"3","1","1","0","0","1","0","0","0","1","2","1","0",1,1,1,0,0,1,0,18mar2020,3,3,2020,18,"London",1,356,5.874931,.1383586,.3548142,.4231735,1,1,0,0,0
"region","London","E12000007","2020-03-19",333,2301,"London",2301,"3","1","1","0","0","1","0","0","0","2","2","1","0",1,1,1,0,0,1,0,19mar2020,4,3,2020,19,"London",1,333,5.808143,,.3548142,.1988816,1,1,0,0,0
"region","London","E12000007","2020-03-20",426,2727,"London",2727,"3","1","1","0","1","1","0","0","2","2","2","1","0",1,1,1,0,1,1,0,20mar2020,5,3,2020,20,"London",1,426,6.05444,.2462969,.3548142,.2958459,1,1,0,1,0
"region","London","E12000007","2020-03-21",351,3078,"London",3078,"3","2","2","0","1","1","0","0","2","2","2","1","0",1,1,1,0,1,1,0,21mar2020,6,3,2020,21,"London",1,351,5.860786,,.3548142,.1930661,1,1,0,1,0
"region","London","E12000007","2020-03-22",437,3515,"London",3515,"3","2","2","0","1","2","2","0","2","2","2","1","0",1,1,1,0,1,1,1,22mar2020,0,3,2020,22,"London",1,437,6.079933,.2191467,.3548142,.1875628,1,1,0,1,1
"region","London","E12000007","2020-03-23",689,4204,"London",4204,"3","2","2","4","1","2","2","0","2","2","2","1","0",1,1,1,1,1,1,1,23mar2020,1,3,2020,23,"London",1,689,6.535241,.455308,.3548142,.5453338,1,1,1,1,1
"region","London","E12000007","2020-03-24",637,4841,"London",4841,"3","2","2","4","1","2","2","0","2","2","2","1","0",1,1,1,1,1,1,1,24mar2020,2,3,2020,24,"London",1,637,6.456769,,.3548142,.1663114,1,1,1,1,1
"region","London","E12000007","2020-03-25",759,5600,"London",5600,"3","2","2","4","1","2","2","0","2","2","2","1","0",1,1,1,1,1,1,1,25mar2020,3,3,2020,25,"London",1,759,6.632002,.1752324,.3548142,.165223,1,1,1,1,1
"region","London","E12000007","2020-03-26",766,6366,"London",6366,"3","2","2","4","1","2","2","0","2","2","2","1","0",1,1,1,1,1,1,1,26mar2020,4,3,2020,26,"London",1,766,6.641182,.0091801,.3548142,.1796846,1,1,1,1,1
"region","London","E12000007","2020-03-27",822,7188,"London",7188,"3","2","2","4","1","2","2","0","2","2","2","1","0",1,1,1,1,1,1,1,27mar2020,5,3,2020,27,"London",1,822,6.71174,.0705585,.3548142,.0746584,1,1,1,1,1
"region","London","E12000007","2020-03-28",577,7765,"London",7765,"3","2","2","4","1","2","2","0","2","2","2","1","0",1,1,1,1,1,1,1,28mar2020,6,3,2020,28,"London",1,577,6.357842,,.3548142,.1428822,1,1,1,1,1
"region","London","E12000007","2020-03-29",594,8359,"London",8359,"3","2","2","4","1","2","2","0","2","2","2","1","0",1,1,1,1,1,1,1,29mar2020,0,3,2020,29,"London",1,594,6.386879,.029037,.3548142,.099328,1,1,1,1,1
"region","London","E12000007","2020-03-30",870,9229,"London",9229,"3","2","2","4","1","2","2","0","2","2","2","1","0",1,1,1,1,1,1,1,30mar2020,1,3,2020,30,"London",1,870,6.768493,.3816137,.3548142,.3774268,1,1,1,1,1
"region","London","E12000007","2020-03-31",936,10165,"London",10165,"3","2","2","4","1","2","2","0","2","2","2","1","0",1,1,1,1,1,1,1,31mar2020,2,3,2020,31,"London",1,936,6.841616,.0731225,.3548142,.1374423,1,1,1,1,1
"region","London","E12000007","2020-04-01",980,11145,"London",11145,"3","2","2","4","1","2","2","0","2","2","2","1","0",1,1,1,1,1,1,1,01apr2020,3,4,2020,1,"London",1,980,6.887553,.0459371,.3548142,.1493758,1,1,1,1,1
"region","London","E12000007","2020-04-02",1071,12216,"London",12216,"3","2","2","4","1","2","2","0","2","2","2","1","0",1,1,1,1,1,1,1,02apr2020,4,4,2020,2,"London",1,1071,6.976348,.0887952,.3548142,.076281,1,1,1,1,1
"region","London","E12000007","2020-04-03",981,13197,"London",13197,"3","2","2","4","1","2","2","0","2","2","2","1","0",1,1,1,1,1,1,1,03apr2020,5,4,2020,3,"London",1,981,6.888573,,.3548142,.110076,1,1,1,1,1
"region","London","E12000007","2020-04-04",766,13963,"London",13963,"3","2","2","4","1","2","2","0","2","2","2","1","0",1,1,1,1,1,1,1,04apr2020,6,4,2020,4,"London",1,766,6.641182,,.3548142,.8918446,1,1,1,1,1
"region","London","E12000007","2020-04-05",635,14598,"London",14598,"3","2","2","4","1","2","2","0","2","2","2","1","0",1,1,1,1,1,1,1,05apr2020,0,4,2020,5,"London",1,635,6.453625,,.3548142,.0517619,1,1,1,1,1
"region","London","E12000007","2020-04-06",861,15459,"London",15459,"3","2","2","4","1","2","2","0","2","2","2","1","0",1,1,1,1,1,1,1,06apr2020,1,4,2020,6,"London",1,861,6.758094,.3044691,.3548142,.3313719,1,1,1,1,1
"region","North East","E12000001","2020-03-04",1,2,"North East",,"0","0","0","0","0","0","0","0","0","0","2","1","2",0,0,0,0,0,0,0,04mar2020,3,3,2020,4,"North East",0,,,,,,0,0,0,0,0
"region","North East","E12000001","2020-03-05",2,4,"North East",,"0","0","0","0","0","0","0","0","0","0","2","1","2",0,0,0,0,0,0,0,05mar2020,4,3,2020,5,"North East",0,,,,,,0,0,0,0,0
"region","North East","E12000001","2020-03-06",1,5,"North East",,"0","0","0","0","0","0","0","0","0","0","2","1","2",0,0,0,0,0,0,0,06mar2020,5,3,2020,6,"North East",0,,,,,,0,0,0,0,0
"region","North East","E12000001","2020-03-07",2,7,"North East",,"0","0","0","0","0","0","0","0","0","0","2","1","2",0,0,0,0,0,0,0,07mar2020,6,3,2020,7,"North East",0,,,,,,0,0,0,0,0
"region","North East","E12000001","2020-03-08",0,7,"North East",,"0","0","0","0","0","0","0","0","0","0","2","1","2",0,0,0,0,0,0,0,08mar2020,0,3,2020,8,"North East",0,,,,,,0,0,0,0,0
"region","North East","E12000001","2020-03-09",3,10,"North East",10,"0","0","0","0","0","0","0","0","0","0","2","1","2",0,0,0,0,0,0,0,09mar2020,1,3,2020,9,"North East",0,,,,,,0,0,0,0,0
"region","North East","E12000001","2020-03-10",4,14,"North East",14,"0","0","0","0","0","0","0","0","0","0","2","1","2",0,0,0,0,0,0,0,10mar2020,2,3,2020,10,"North East",0,4,1.386294,,,,0,0,0,0,0
"region","North East","E12000001","2020-03-11",1,15,"North East",15,"0","0","0","0","0","0","0","0","0","0","2","1","2",0,0,0,0,0,0,0,11mar2020,3,3,2020,11,"North East",0,1,0,,,,0,0,0,0,0
"region","North East","E12000001","2020-03-12",2,17,"North East",17,"0","0","0","0","0","0","0","0","0","0","2","1","0",0,0,0,0,0,0,0,12mar2020,4,3,2020,12,"North East",0,2,.6931472,.6931472,,,0,0,0,0,0
"region","North East","E12000001","2020-03-13",6,23,"North East",23,"0","0","0","0","0","1","0","0","0","0","2","1","0",0,0,0,0,0,1,0,13mar2020,5,3,2020,13,"North East",0,6,1.791759,1.098612,,,0,1,0,0,0
"region","North East","E12000001","2020-03-14",6,29,"North East",29,"0","0","0","0","0","1","0","0","0","0","2","1","0",0,0,0,0,0,1,0,14mar2020,6,3,2020,14,"North East",0,6,1.791759,0,,,0,1,0,0,0
"region","North East","E12000001","2020-03-15",10,39,"North East",39,"0","0","0","0","0","1","0","0","0","0","2","1","0",0,0,0,0,0,1,0,15mar2020,0,3,2020,15,"North East",0,10,2.302585,.5108256,,,0,1,0,0,0
"region","North East","E12000001","2020-03-16",7,46,"North East",46,"0","1","1","0","0","1","0","0","0","0","2","1","0",0,1,1,0,0,1,0,16mar2020,1,3,2020,16,"North East",0,7,1.94591,,,,0,1,0,0,0
"region","North East","E12000001","2020-03-17",16,62,"North East",62,"0","1","1","0","0","1","0","0","0","1","2","1","0",0,1,1,0,0,1,0,17mar2020,2,3,2020,17,"North East",0,16,2.772589,.8266786,,,0,1,0,0,0
"region","North East","E12000001","2020-03-18",14,76,"North East",76,"3","1","1","0","0","1","0","0","0","1","2","1","0",1,1,1,0,0,1,0,18mar2020,3,3,2020,18,"North East",0,14,2.639057,,,,1,1,0,0,0
"region","North East","E12000001","2020-03-19",19,95,"North East",95,"3","1","1","0","0","1","0","0","0","2","2","1","0",1,1,1,0,0,1,0,19mar2020,4,3,2020,19,"North East",0,19,2.944439,.3053815,,,1,1,0,0,0
"region","North East","E12000001","2020-03-20",26,121,"North East",121,"3","1","1","0","1","1","0","0","2","2","2","1","0",1,1,1,0,1,1,0,20mar2020,5,3,2020,20,"North East",0,26,3.258096,.3136575,,,1,1,0,1,0
"region","North East","E12000001","2020-03-21",23,144,"North East",144,"3","2","2","0","1","1","0","0","2","2","2","1","0",1,1,1,0,1,1,0,21mar2020,6,3,2020,21,"North East",0,23,3.135494,,,,1,1,0,1,0
"region","North East","E12000001","2020-03-22",20,164,"North East",164,"3","2","2","0","1","2","2","0","2","2","2","1","0",1,1,1,0,1,1,1,22mar2020,0,3,2020,22,"North East",0,20,2.995732,,,,1,1,0,1,1
"region","North East","E12000001","2020-03-23",58,222,"North East",222,"3","2","2","4","1","2","2","0","2","2","2","1","0",1,1,1,1,1,1,1,23mar2020,1,3,2020,23,"North East",0,58,4.060443,1.064711,,,1,1,1,1,1
"region","North East","E12000001","2020-03-24",76,298,"North East",298,"3","2","2","4","1","2","2","0","2","2","2","1","0",1,1,1,1,1,1,1,24mar2020,2,3,2020,24,"North East",0,76,4.330733,.2702904,,,1,1,1,1,1
"region","North East","E12000001","2020-03-25",76,374,"North East",374,"3","2","2","4","1","2","2","0","2","2","2","1","0",1,1,1,1,1,1,1,25mar2020,3,3,2020,25,"North East",0,76,4.330733,0,,,1,1,1,1,1
"region","North East","E12000001","2020-03-26",97,471,"North East",471,"3","2","2","4","1","2","2","0","2","2","2","1","0",1,1,1,1,1,1,1,26mar2020,4,3,2020,26,"North East",0,97,4.574711,.2439775,,,1,1,1,1,1
"region","North East","E12000001","2020-03-27",102,573,"North East",573,"3","2","2","4","1","2","2","0","2","2","2","1","0",1,1,1,1,1,1,1,27mar2020,5,3,2020,27,"North East",0,102,4.624973,.050262,,,1,1,1,1,1
"region","North East","E12000001","2020-03-28",113,686,"North East",686,"3","2","2","4","1","2","2","0","2","2","2","1","0",1,1,1,1,1,1,1,28mar2020,6,3,2020,28,"North East",0,113,4.727388,.1024151,,,1,1,1,1,1
"region","North East","E12000001","2020-03-29",107,793,"North East",793,"3","2","2","4","1","2","2","0","2","2","2","1","0",1,1,1,1,1,1,1,29mar2020,0,3,2020,29,"North East",0,107,4.672829,,,,1,1,1,1,1
"region","North East","E12000001","2020-03-30",176,969,"North East",969,"3","2","2","4","1","2","2","0","2","2","2","1","0",1,1,1,1,1,1,1,30mar2020,1,3,2020,30,"North East",0,176,5.170484,.4976554,,,1,1,1,1,1
"region","North East","E12000001","2020-03-31",211,1180,"North East",1180,"3","2","2","4","1","2","2","0","2","2","2","1","0",1,1,1,1,1,1,1,31mar2020,2,3,2020,31,"North East",0,211,5.351858,.1813741,,,1,1,1,1,1
"region","North East","E12000001","2020-04-01",307,1487,"North East",1487,"3","2","2","4","1","2","2","0","2","2","2","1","0",1,1,1,1,1,1,1,01apr2020,3,4,2020,1,"North East",0,307,5.726848,.3749895,,,1,1,1,1,1
"region","North East","E12000001","2020-04-02",219,1706,"North East",1706,"3","2","2","4","1","2","2","0","2","2","2","1","0",1,1,1,1,1,1,1,02apr2020,4,4,2020,2,"North East",0,219,5.389072,,,,1,1,1,1,1
"region","North East","E12000001","2020-04-03",261,1967,"North East",1967,"3","2","2","4","1","2","2","0","2","2","2","1","0",1,1,1,1,1,1,1,03apr2020,5,4,2020,3,"North East",0,261,5.56452,.1754484,,,1,1,1,1,1
"region","North East","E12000001","2020-04-04",254,2221,"North East",2221,"3","2","2","4","1","2","2","0","2","2","2","1","0",1,1,1,1,1,1,1,04apr2020,6,4,2020,4,"North East",0,254,5.537334,,,,1,1,1,1,1
"region","North East","E12000001","2020-04-05",221,2442,"North East",2442,"3","2","2","4","1","2","2","0","2","2","2","1","0",1,1,1,1,1,1,1,05apr2020,0,4,2020,5,"North East",0,221,5.398163,,,,1,1,1,1,1
"region","North East","E12000001","2020-04-06",375,2817,"North East",2817,"3","2","2","4","1","2","2","0","2","2","2","1","0",1,1,1,1,1,1,1,06apr2020,1,4,2020,6,"North East",0,375,5.926926,.5287633,,,1,1,1,1,1
"region","North West","E12000002","2020-03-04",2,23,"North West",23,"0","0","0","0","0","0","0","0","0","0","2","1","2",0,0,0,0,0,0,0,04mar2020,3,3,2020,4,"North West",0,,,,,,0,0,0,0,0
"region","North West","E12000002","2020-03-05",10,33,"North West",33,"0","0","0","0","0","0","0","0","0","0","2","1","2",0,0,0,0,0,0,0,05mar2020,4,3,2020,5,"North West",0,10,2.302585,,,,0,0,0,0,0
"region","North West","E12000002","2020-03-06",2,35,"North West",35,"0","0","0","0","0","0","0","0","0","0","2","1","2",0,0,0,0,0,0,0,06mar2020,5,3,2020,6,"North West",0,2,.6931472,,,,0,0,0,0,0
"region","North West","E12000002","2020-03-07",6,41,"North West",41,"0","0","0","0","0","0","0","0","0","0","2","1","2",0,0,0,0,0,0,0,07mar2020,6,3,2020,7,"North West",0,6,1.791759,1.098612,,,0,0,0,0,0
"region","North West","E12000002","2020-03-08",5,46,"North West",46,"0","0","0","0","0","0","0","0","0","0","2","1","2",0,0,0,0,0,0,0,08mar2020,0,3,2020,8,"North West",0,5,1.609438,,,,0,0,0,0,0
"region","North West","E12000002","2020-03-09",7,53,"North West",53,"0","0","0","0","0","0","0","0","0","0","2","1","2",0,0,0,0,0,0,0,09mar2020,1,3,2020,9,"North West",0,7,1.94591,.3364722,,,0,0,0,0,0
"region","North West","E12000002","2020-03-10",15,68,"North West",68,"0","0","0","0","0","0","0","0","0","0","2","1","2",0,0,0,0,0,0,0,10mar2020,2,3,2020,10,"North West",0,15,2.70805,.7621402,,,0,0,0,0,0
"region","North West","E12000002","2020-03-11",17,85,"North West",85,"0","0","0","0","0","0","0","0","0","0","2","1","2",0,0,0,0,0,0,0,11mar2020,3,3,2020,11,"North West",0,17,2.833213,.1251631,,,0,0,0,0,0
"region","North West","E12000002","2020-03-12",40,125,"North West",125,"0","0","0","0","0","0","0","0","0","0","2","1","0",0,0,0,0,0,0,0,12mar2020,4,3,2020,12,"North West",0,40,3.688879,.8556662,,,0,0,0,0,0
"region","North West","E12000002","2020-03-13",41,166,"North West",166,"0","0","0","0","0","1","0","0","0","0","2","1","0",0,0,0,0,0,1,0,13mar2020,5,3,2020,13,"North West",0,41,3.713572,.0246925,,,0,1,0,0,0
"region","North West","E12000002","2020-03-14",25,191,"North West",191,"0","0","0","0","0","1","0","0","0","0","2","1","0",0,0,0,0,0,1,0,14mar2020,6,3,2020,14,"North West",0,25,3.218876,,,,0,1,0,0,0
"region","North West","E12000002","2020-03-15",23,214,"North West",214,"0","0","0","0","0","1","0","0","0","0","2","1","0",0,0,0,0,0,1,0,15mar2020,0,3,2020,15,"North West",0,23,3.135494,,,,0,1,0,0,0
"region","North West","E12000002","2020-03-16",56,270,"North West",270,"0","1","1","0","0","1","0","0","0","0","2","1","0",0,1,1,0,0,1,0,16mar2020,1,3,2020,16,"North West",0,56,4.025352,.8898573,,,0,1,0,0,0
"region","North West","E12000002","2020-03-17",55,325,"North West",325,"0","1","1","0","0","1","0","0","0","1","2","1","0",0,1,1,0,0,1,0,17mar2020,2,3,2020,17,"North West",0,55,4.007333,,,,0,1,0,0,0
"region","North West","E12000002","2020-03-18",84,409,"North West",409,"3","1","1","0","0","1","0","0","0","1","2","1","0",1,1,1,0,0,1,0,18mar2020,3,3,2020,18,"North West",0,84,4.430817,.4234834,,,1,1,0,0,0
"region","North West","E12000002","2020-03-19",98,507,"North West",507,"3","1","1","0","0","1","0","0","0","2","2","1","0",1,1,1,0,0,1,0,19mar2020,4,3,2020,19,"North West",0,98,4.584968,.154151,,,1,1,0,0,0
"region","North West","E12000002","2020-03-20",82,589,"North West",589,"3","1","1","0","1","1","0","0","2","2","2","1","0",1,1,1,0,1,1,0,20mar2020,5,3,2020,20,"North West",0,82,4.406719,,,,1,1,0,1,0
"region","North West","E12000002","2020-03-21",114,703,"North West",703,"3","2","2","0","1","1","0","0","2","2","2","1","0",1,1,1,0,1,1,0,21mar2020,6,3,2020,21,"North West",0,114,4.736198,.3294792,,,1,1,0,1,0
"region","North West","E12000002","2020-03-22",117,820,"North West",820,"3","2","2","0","1","2","2","0","2","2","2","1","0",1,1,1,0,1,1,1,22mar2020,0,3,2020,22,"North West",0,117,4.762174,.0259757,,,1,1,0,1,1
"region","North West","E12000002","2020-03-23",176,996,"North West",996,"3","2","2","4","1","2","2","0","2","2","2","1","0",1,1,1,1,1,1,1,23mar2020,1,3,2020,23,"North West",0,176,5.170484,.4083099,,,1,1,1,1,1
"region","North West","E12000002","2020-03-24",255,1251,"North West",1251,"3","2","2","4","1","2","2","0","2","2","2","1","0",1,1,1,1,1,1,1,24mar2020,2,3,2020,24,"North West",0,255,5.541264,.3707795,,,1,1,1,1,1
"region","North West","E12000002","2020-03-25",255,1506,"North West",1506,"3","2","2","4","1","2","2","0","2","2","2","1","0",1,1,1,1,1,1,1,25mar2020,3,3,2020,25,"North West",0,255,5.541264,0,,,1,1,1,1,1
"region","North West","E12000002","2020-03-26",357,1863,"North West",1863,"3","2","2","4","1","2","2","0","2","2","2","1","0",1,1,1,1,1,1,1,26mar2020,4,3,2020,26,"North West",0,357,5.877736,.336472,,,1,1,1,1,1
"region","North West","E12000002","2020-03-27",333,2196,"North West",2196,"3","2","2","4","1","2","2","0","2","2","2","1","0",1,1,1,1,1,1,1,27mar2020,5,3,2020,27,"North West",0,333,5.808143,,,,1,1,1,1,1
"region","North West","E12000002","2020-03-28",322,2518,"North West",2518,"3","2","2","4","1","2","2","0","2","2","2","1","0",1,1,1,1,1,1,1,28mar2020,6,3,2020,28,"North West",0,322,5.774551,,,,1,1,1,1,1
"region","North West","E12000002","2020-03-29",359,2877,"North West",2877,"3","2","2","4","1","2","2","0","2","2","2","1","0",1,1,1,1,1,1,1,29mar2020,0,3,2020,29,"North West",0,359,5.883322,.1087708,,,1,1,1,1,1
"region","North West","E12000002","2020-03-30",507,3384,"North West",3384,"3","2","2","4","1","2","2","0","2","2","2","1","0",1,1,1,1,1,1,1,30mar2020,1,3,2020,30,"North West",0,507,6.228511,.3451886,,,1,1,1,1,1
"region","North West","E12000002","2020-03-31",556,3940,"North West",3940,"3","2","2","4","1","2","2","0","2","2","2","1","0",1,1,1,1,1,1,1,31mar2020,2,3,2020,31,"North West",0,556,6.320768,.0922575,,,1,1,1,1,1
"region","North West","E12000002","2020-04-01",619,4559,"North West",4559,"3","2","2","4","1","2","2","0","2","2","2","1","0",1,1,1,1,1,1,1,01apr2020,3,4,2020,1,"North West",0,619,6.428105,.107337,,,1,1,1,1,1
"region","North West","E12000002","2020-04-02",681,5240,"North West",5240,"3","2","2","4","1","2","2","0","2","2","2","1","0",1,1,1,1,1,1,1,02apr2020,4,4,2020,2,"North West",0,681,6.523562,.0954571,,,1,1,1,1,1
"region","North West","E12000002","2020-04-03",683,5923,"North West",5923,"3","2","2","4","1","2","2","0","2","2","2","1","0",1,1,1,1,1,1,1,03apr2020,5,4,2020,3,"North West",0,683,6.526495,.0029325,,,1,1,1,1,1
"region","North West","E12000002","2020-04-04",604,6527,"North West",6527,"3","2","2","4","1","2","2","0","2","2","2","1","0",1,1,1,1,1,1,1,04apr2020,6,4,2020,4,"North West",0,604,6.403574,,,,1,1,1,1,1
"region","North West","E12000002","2020-04-05",626,7153,"North West",7153,"3","2","2","4","1","2","2","0","2","2","2","1","0",1,1,1,1,1,1,1,05apr2020,0,4,2020,5,"North West",0,626,6.439351,.0357766,,,1,1,1,1,1
"region","North West","E12000002","2020-04-06",872,8025,"North West",8025,"3","2","2","4","1","2","2","0","2","2","2","1","0",1,1,1,1,1,1,1,06apr2020,1,4,2020,6,"North West",0,872,6.77079,.331439,,,1,1,1,1,1
"region","South East","E12000008","2020-03-04",7,32,"South East",32,"0","0","0","0","0","0","0","0","0","0","2","1","2",0,0,0,0,0,0,0,04mar2020,3,3,2020,4,"South East",0,,,,,,0,0,0,0,0
"region","South East","E12000008","2020-03-05",4,36,"South East",36,"0","0","0","0","0","0","0","0","0","0","2","1","2",0,0,0,0,0,0,0,05mar2020,4,3,2020,5,"South East",0,4,1.386294,,,,0,0,0,0,0
"region","South East","E12000008","2020-03-06",16,52,"South East",52,"0","0","0","0","0","0","0","0","0","0","2","1","2",0,0,0,0,0,0,0,06mar2020,5,3,2020,6,"South East",0,16,2.772589,1.386294,,,0,0,0,0,0
"region","South East","E12000008","2020-03-07",4,56,"South East",56,"0","0","0","0","0","0","0","0","0","0","2","1","2",0,0,0,0,0,0,0,07mar2020,6,3,2020,7,"South East",0,4,1.386294,,,,0,0,0,0,0
"region","South East","E12000008","2020-03-08",10,66,"South East",66,"0","0","0","0","0","0","0","0","0","0","2","1","2",0,0,0,0,0,0,0,08mar2020,0,3,2020,8,"South East",0,10,2.302585,.9162908,,,0,0,0,0,0
"region","South East","E12000008","2020-03-09",24,90,"South East",90,"0","0","0","0","0","0","0","0","0","0","2","1","2",0,0,0,0,0,0,0,09mar2020,1,3,2020,9,"South East",0,24,3.178054,.8754687,,,0,0,0,0,0
"region","South East","E12000008","2020-03-10",34,124,"South East",124,"0","0","0","0","0","0","0","0","0","0","2","1","2",0,0,0,0,0,0,0,10mar2020,2,3,2020,10,"South East",0,34,3.526361,.3483067,,,0,0,0,0,0
"region","South East","E12000008","2020-03-11",50,174,"South East",174,"0","0","0","0","0","0","0","0","0","0","2","1","2",0,0,0,0,0,0,0,11mar2020,3,3,2020,11,"South East",0,50,3.912023,.3856626,,,0,0,0,0,0
"region","South East","E12000008","2020-03-12",85,259,"South East",259,"0","0","0","0","0","0","0","0","0","0","2","1","0",0,0,0,0,0,0,0,12mar2020,4,3,2020,12,"South East",0,85,4.442651,.5306282,,,0,0,0,0,0
"region","South East","E12000008","2020-03-13",53,312,"South East",312,"0","0","0","0","0","1","0","0","0","0","2","1","0",0,0,0,0,0,1,0,13mar2020,5,3,2020,13,"South East",0,53,3.970292,,,,0,1,0,0,0
"region","South East","E12000008","2020-03-14",41,353,"South East",353,"0","0","0","0","0","1","0","0","0","0","2","1","0",0,0,0,0,0,1,0,14mar2020,6,3,2020,14,"South East",0,41,3.713572,,,,0,1,0,0,0
"region","South East","E12000008","2020-03-15",53,406,"South East",406,"0","0","0","0","0","1","0","0","0","0","2","1","0",0,0,0,0,0,1,0,15mar2020,0,3,2020,15,"South East",0,53,3.970292,.2567198,,,0,1,0,0,0
"region","South East","E12000008","2020-03-16",78,484,"South East",484,"0","1","1","0","0","1","0","0","0","0","2","1","0",0,1,1,0,0,1,0,16mar2020,1,3,2020,16,"South East",0,78,4.356709,.3864172,,,0,1,0,0,0
"region","South East","E12000008","2020-03-17",89,573,"South East",573,"0","1","1","0","0","1","0","0","0","1","2","1","0",0,1,1,0,0,1,0,17mar2020,2,3,2020,17,"South East",0,89,4.488636,.1319275,,,0,1,0,0,0
"region","South East","E12000008","2020-03-18",122,695,"South East",695,"3","1","1","0","0","1","0","0","0","1","2","1","0",1,1,1,0,0,1,0,18mar2020,3,3,2020,18,"South East",0,122,4.804021,.3153844,,,1,1,0,0,0
"region","South East","E12000008","2020-03-19",127,822,"South East",822,"3","1","1","0","0","1","0","0","0","2","2","1","0",1,1,1,0,0,1,0,19mar2020,4,3,2020,19,"South East",0,127,4.844187,.0401664,,,1,1,0,0,0
"region","South East","E12000008","2020-03-20",126,948,"South East",948,"3","1","1","0","1","1","0","0","2","2","2","1","0",1,1,1,0,1,1,0,20mar2020,5,3,2020,20,"South East",0,126,4.836282,,,,1,1,0,1,0
"region","South East","E12000008","2020-03-21",129,1077,"South East",1077,"3","2","2","0","1","1","0","0","2","2","2","1","0",1,1,1,0,1,1,0,21mar2020,6,3,2020,21,"South East",0,129,4.859812,.0235305,,,1,1,0,1,0
"region","South East","E12000008","2020-03-22",169,1246,"South East",1246,"3","2","2","0","1","2","2","0","2","2","2","1","0",1,1,1,0,1,1,1,22mar2020,0,3,2020,22,"South East",0,169,5.129899,.2700863,,,1,1,0,1,1
"region","South East","E12000008","2020-03-23",281,1527,"South East",1527,"3","2","2","4","1","2","2","0","2","2","2","1","0",1,1,1,1,1,1,1,23mar2020,1,3,2020,23,"South East",0,281,5.638355,.5084562,,,1,1,1,1,1
"region","South East","E12000008","2020-03-24",235,1762,"South East",1762,"3","2","2","4","1","2","2","0","2","2","2","1","0",1,1,1,1,1,1,1,24mar2020,2,3,2020,24,"South East",0,235,5.459586,,,,1,1,1,1,1
"region","South East","E12000008","2020-03-25",305,2067,"South East",2067,"3","2","2","4","1","2","2","0","2","2","2","1","0",1,1,1,1,1,1,1,25mar2020,3,3,2020,25,"South East",0,305,5.720312,.260726,,,1,1,1,1,1
"region","South East","E12000008","2020-03-26",320,2387,"South East",2387,"3","2","2","4","1","2","2","0","2","2","2","1","0",1,1,1,1,1,1,1,26mar2020,4,3,2020,26,"South East",0,320,5.768321,.0480094,,,1,1,1,1,1
"region","South East","E12000008","2020-03-27",332,2719,"South East",2719,"3","2","2","4","1","2","2","0","2","2","2","1","0",1,1,1,1,1,1,1,27mar2020,5,3,2020,27,"South East",0,332,5.805135,.0368137,,,1,1,1,1,1
"region","South East","E12000008","2020-03-28",339,3058,"South East",3058,"3","2","2","4","1","2","2","0","2","2","2","1","0",1,1,1,1,1,1,1,28mar2020,6,3,2020,28,"South East",0,339,5.826,.0208654,,,1,1,1,1,1
"region","South East","E12000008","2020-03-29",296,3354,"South East",3354,"3","2","2","4","1","2","2","0","2","2","2","1","0",1,1,1,1,1,1,1,29mar2020,0,3,2020,29,"South East",0,296,5.69036,,,,1,1,1,1,1
"region","South East","E12000008","2020-03-30",477,3831,"South East",3831,"3","2","2","4","1","2","2","0","2","2","2","1","0",1,1,1,1,1,1,1,30mar2020,1,3,2020,30,"South East",0,477,6.167517,.4771571,,,1,1,1,1,1
"region","South East","E12000008","2020-03-31",471,4302,"South East",4302,"3","2","2","4","1","2","2","0","2","2","2","1","0",1,1,1,1,1,1,1,31mar2020,2,3,2020,31,"South East",0,471,6.154858,,,,1,1,1,1,1
"region","South East","E12000008","2020-04-01",547,4849,"South East",4849,"3","2","2","4","1","2","2","0","2","2","2","1","0",1,1,1,1,1,1,1,01apr2020,3,4,2020,1,"South East",0,547,6.304449,.1495905,,,1,1,1,1,1
"region","South East","E12000008","2020-04-02",486,5335,"South East",5335,"3","2","2","4","1","2","2","0","2","2","2","1","0",1,1,1,1,1,1,1,02apr2020,4,4,2020,2,"South East",0,486,6.186209,,,,1,1,1,1,1
"region","South East","E12000008","2020-04-03",521,5856,"South East",5856,"3","2","2","4","1","2","2","0","2","2","2","1","0",1,1,1,1,1,1,1,03apr2020,5,4,2020,3,"South East",0,521,6.25575,.0695415,,,1,1,1,1,1
"region","South East","E12000008","2020-04-04",458,6314,"South East",6314,"3","2","2","4","1","2","2","0","2","2","2","1","0",1,1,1,1,1,1,1,04apr2020,6,4,2020,4,"South East",0,458,6.126869,,,,1,1,1,1,1
"region","South East","E12000008","2020-04-05",424,6738,"South East",6738,"3","2","2","4","1","2","2","0","2","2","2","1","0",1,1,1,1,1,1,1,05apr2020,0,4,2020,5,"South East",0,424,6.049734,,,,1,1,1,1,1
"region","South East","E12000008","2020-04-06",593,7331,"South East",7331,"3","2","2","4","1","2","2","0","2","2","2","1","0",1,1,1,1,1,1,1,06apr2020,1,4,2020,6,"South East",0,593,6.385194,.3354607,,,1,1,1,1,1
"region","South West","E12000009","2020-03-04",6,29,"South West",29,"0","0","0","0","0","0","0","0","0","0","2","1","2",0,0,0,0,0,0,0,04mar2020,3,3,2020,4,"South West",0,,,,,,0,0,0,0,0
"region","South West","E12000009","2020-03-05",4,33,"South West",33,"0","0","0","0","0","0","0","0","0","0","2","1","2",0,0,0,0,0,0,0,05mar2020,4,3,2020,5,"South West",0,4,1.386294,,,,0,0,0,0,0
"region","South West","E12000009","2020-03-06",11,44,"South West",44,"0","0","0","0","0","0","0","0","0","0","2","1","2",0,0,0,0,0,0,0,06mar2020,5,3,2020,6,"South West",0,11,2.397895,1.011601,,,0,0,0,0,0
"region","South West","E12000009","2020-03-07",2,46,"South West",46,"0","0","0","0","0","0","0","0","0","0","2","1","2",0,0,0,0,0,0,0,07mar2020,6,3,2020,7,"South West",0,2,.6931472,,,,0,0,0,0,0
"region","South West","E12000009","2020-03-08",3,49,"South West",49,"0","0","0","0","0","0","0","0","0","0","2","1","2",0,0,0,0,0,0,0,08mar2020,0,3,2020,8,"South West",0,3,1.098612,.4054651,,,0,0,0,0,0
"region","South West","E12000009","2020-03-09",5,54,"South West",54,"0","0","0","0","0","0","0","0","0","0","2","1","2",0,0,0,0,0,0,0,09mar2020,1,3,2020,9,"South West",0,5,1.609438,.5108256,,,0,0,0,0,0
"region","South West","E12000009","2020-03-10",10,64,"South West",64,"0","0","0","0","0","0","0","0","0","0","2","1","2",0,0,0,0,0,0,0,10mar2020,2,3,2020,10,"South West",0,10,2.302585,.6931472,,,0,0,0,0,0
"region","South West","E12000009","2020-03-11",14,78,"South West",78,"0","0","0","0","0","0","0","0","0","0","2","1","2",0,0,0,0,0,0,0,11mar2020,3,3,2020,11,"South West",0,14,2.639057,.3364723,,,0,0,0,0,0
"region","South West","E12000009","2020-03-12",18,96,"South West",96,"0","0","0","0","0","0","0","0","0","0","2","1","0",0,0,0,0,0,0,0,12mar2020,4,3,2020,12,"South West",0,18,2.890372,.2513144,,,0,0,0,0,0
"region","South West","E12000009","2020-03-13",30,126,"South West",126,"0","0","0","0","0","1","0","0","0","0","2","1","0",0,0,0,0,0,1,0,13mar2020,5,3,2020,13,"South West",0,30,3.401197,.5108256,,,0,1,0,0,0
"region","South West","E12000009","2020-03-14",10,136,"South West",136,"0","0","0","0","0","1","0","0","0","0","2","1","0",0,0,0,0,0,1,0,14mar2020,6,3,2020,14,"South West",0,10,2.302585,,,,0,1,0,0,0
"region","South West","E12000009","2020-03-15",17,153,"South West",153,"0","0","0","0","0","1","0","0","0","0","2","1","0",0,0,0,0,0,1,0,15mar2020,0,3,2020,15,"South West",0,17,2.833213,.5306282,,,0,1,0,0,0
"region","South West","E12000009","2020-03-16",18,171,"South West",171,"0","1","1","0","0","1","0","0","0","0","2","1","0",0,1,1,0,0,1,0,16mar2020,1,3,2020,16,"South West",0,18,2.890372,.0571585,,,0,1,0,0,0
"region","South West","E12000009","2020-03-17",21,192,"South West",192,"0","1","1","0","0","1","0","0","0","1","2","1","0",0,1,1,0,0,1,0,17mar2020,2,3,2020,17,"South West",0,21,3.044523,.1541507,,,0,1,0,0,0
"region","South West","E12000009","2020-03-18",43,235,"South West",235,"3","1","1","0","0","1","0","0","0","1","2","1","0",1,1,1,0,0,1,0,18mar2020,3,3,2020,18,"South West",0,43,3.7612,.7166777,,,1,1,0,0,0
"region","South West","E12000009","2020-03-19",21,256,"South West",256,"3","1","1","0","0","1","0","0","0","2","2","1","0",1,1,1,0,0,1,0,19mar2020,4,3,2020,19,"South West",0,21,3.044523,,,,1,1,0,0,0
"region","South West","E12000009","2020-03-20",43,299,"South West",299,"3","1","1","0","1","1","0","0","2","2","2","1","0",1,1,1,0,1,1,0,20mar2020,5,3,2020,20,"South West",0,43,3.7612,.7166777,,,1,1,0,1,0
"region","South West","E12000009","2020-03-21",42,341,"South West",341,"3","2","2","0","1","1","0","0","2","2","2","1","0",1,1,1,0,1,1,0,21mar2020,6,3,2020,21,"South West",0,42,3.73767,,,,1,1,0,1,0
"region","South West","E12000009","2020-03-22",44,385,"South West",385,"3","2","2","0","1","2","2","0","2","2","2","1","0",1,1,1,0,1,1,1,22mar2020,0,3,2020,22,"South West",0,44,3.78419,.04652,,,1,1,0,1,1
"region","South West","E12000009","2020-03-23",62,447,"South West",447,"3","2","2","4","1","2","2","0","2","2","2","1","0",1,1,1,1,1,1,1,23mar2020,1,3,2020,23,"South West",0,62,4.127134,.3429446,,,1,1,1,1,1
"region","South West","E12000009","2020-03-24",68,515,"South West",515,"3","2","2","4","1","2","2","0","2","2","2","1","0",1,1,1,1,1,1,1,24mar2020,2,3,2020,24,"South West",0,68,4.219508,.0923734,,,1,1,1,1,1
"region","South West","E12000009","2020-03-25",104,619,"South West",619,"3","2","2","4","1","2","2","0","2","2","2","1","0",1,1,1,1,1,1,1,25mar2020,3,3,2020,25,"South West",0,104,4.644391,.4248834,,,1,1,1,1,1
"region","South West","E12000009","2020-03-26",118,737,"South West",737,"3","2","2","4","1","2","2","0","2","2","2","1","0",1,1,1,1,1,1,1,26mar2020,4,3,2020,26,"South West",0,118,4.770685,.1262937,,,1,1,1,1,1
"region","South West","E12000009","2020-03-27",129,866,"South West",866,"3","2","2","4","1","2","2","0","2","2","2","1","0",1,1,1,1,1,1,1,27mar2020,5,3,2020,27,"South West",0,129,4.859812,.0891275,,,1,1,1,1,1
"region","South West","E12000009","2020-03-28",102,968,"South West",968,"3","2","2","4","1","2","2","0","2","2","2","1","0",1,1,1,1,1,1,1,28mar2020,6,3,2020,28,"South West",0,102,4.624973,,,,1,1,1,1,1
"region","South West","E12000009","2020-03-29",101,1069,"South West",1069,"3","2","2","4","1","2","2","0","2","2","2","1","0",1,1,1,1,1,1,1,29mar2020,0,3,2020,29,"South West",0,101,4.61512,,,,1,1,1,1,1
"region","South West","E12000009","2020-03-30",163,1232,"South West",1232,"3","2","2","4","1","2","2","0","2","2","2","1","0",1,1,1,1,1,1,1,30mar2020,1,3,2020,30,"South West",0,163,5.09375,.4786296,,,1,1,1,1,1
"region","South West","E12000009","2020-03-31",140,1372,"South West",1372,"3","2","2","4","1","2","2","0","2","2","2","1","0",1,1,1,1,1,1,1,31mar2020,2,3,2020,31,"South West",0,140,4.941642,,,,1,1,1,1,1
"region","South West","E12000009","2020-04-01",183,1555,"South West",1555,"3","2","2","4","1","2","2","0","2","2","2","1","0",1,1,1,1,1,1,1,01apr2020,3,4,2020,1,"South West",0,183,5.209486,.2678437,,,1,1,1,1,1
"region","South West","E12000009","2020-04-02",183,1738,"South West",1738,"3","2","2","4","1","2","2","0","2","2","2","1","0",1,1,1,1,1,1,1,02apr2020,4,4,2020,2,"South West",0,183,5.209486,0,,,1,1,1,1,1
"region","South West","E12000009","2020-04-03",187,1925,"South West",1925,"3","2","2","4","1","2","2","0","2","2","2","1","0",1,1,1,1,1,1,1,03apr2020,5,4,2020,3,"South West",0,187,5.231109,.0216227,,,1,1,1,1,1
"region","South West","E12000009","2020-04-04",174,2099,"South West",2099,"3","2","2","4","1","2","2","0","2","2","2","1","0",1,1,1,1,1,1,1,04apr2020,6,4,2020,4,"South West",0,174,5.159055,,,,1,1,1,1,1
"region","South West","E12000009","2020-04-05",153,2252,"South West",2252,"3","2","2","4","1","2","2","0","2","2","2","1","0",1,1,1,1,1,1,1,05apr2020,0,4,2020,5,"South West",0,153,5.030438,,,,1,1,1,1,1
"region","South West","E12000009","2020-04-06",186,2438,"South West",2438,"3","2","2","4","1","2","2","0","2","2","2","1","0",1,1,1,1,1,1,1,06apr2020,1,4,2020,6,"South West",0,186,5.225747,.1953087,,,1,1,1,1,1
"region","West Midlands","E12000005","2020-03-04",3,10,"West Midlands",10,"0","0","0","0","0","0","0","0","0","0","2","1","2",0,0,0,0,0,0,0,04mar2020,3,3,2020,4,"West Midlands",0,,,,,,0,0,0,0,0
"region","West Midlands","E12000005","2020-03-05",6,16,"West Midlands",16,"0","0","0","0","0","0","0","0","0","0","2","1","2",0,0,0,0,0,0,0,05mar2020,4,3,2020,5,"West Midlands",0,6,1.791759,,,,0,0,0,0,0
"region","West Midlands","E12000005","2020-03-06",2,18,"West Midlands",18,"0","0","0","0","0","0","0","0","0","0","2","1","2",0,0,0,0,0,0,0,06mar2020,5,3,2020,6,"West Midlands",0,2,.6931472,,,,0,0,0,0,0
"region","West Midlands","E12000005","2020-03-07",5,23,"West Midlands",23,"0","0","0","0","0","0","0","0","0","0","2","1","2",0,0,0,0,0,0,0,07mar2020,6,3,2020,7,"West Midlands",0,5,1.609438,.9162908,,,0,0,0,0,0
"region","West Midlands","E12000005","2020-03-08",4,27,"West Midlands",27,"0","0","0","0","0","0","0","0","0","0","2","1","2",0,0,0,0,0,0,0,08mar2020,0,3,2020,8,"West Midlands",0,4,1.386294,,,,0,0,0,0,0
"region","West Midlands","E12000005","2020-03-09",8,35,"West Midlands",35,"0","0","0","0","0","0","0","0","0","0","2","1","2",0,0,0,0,0,0,0,09mar2020,1,3,2020,9,"West Midlands",0,8,2.079442,.6931472,,,0,0,0,0,0
"region","West Midlands","E12000005","2020-03-10",17,52,"West Midlands",52,"0","0","0","0","0","0","0","0","0","0","2","1","2",0,0,0,0,0,0,0,10mar2020,2,3,2020,10,"West Midlands",0,17,2.833213,.7537718,,,0,0,0,0,0
"region","West Midlands","E12000005","2020-03-11",29,81,"West Midlands",81,"0","0","0","0","0","0","0","0","0","0","2","1","2",0,0,0,0,0,0,0,11mar2020,3,3,2020,11,"West Midlands",0,29,3.367296,.5340824,,,0,0,0,0,0
"region","West Midlands","E12000005","2020-03-12",46,127,"West Midlands",127,"0","0","0","0","0","0","0","0","0","0","2","1","0",0,0,0,0,0,0,0,12mar2020,4,3,2020,12,"West Midlands",0,46,3.828641,.4613457,,,0,0,0,0,0
"region","West Midlands","E12000005","2020-03-13",40,167,"West Midlands",167,"0","0","0","0","0","1","0","0","0","0","2","1","0",0,0,0,0,0,1,0,13mar2020,5,3,2020,13,"West Midlands",0,40,3.688879,,,,0,1,0,0,0
"region","West Midlands","E12000005","2020-03-14",31,198,"West Midlands",198,"0","0","0","0","0","1","0","0","0","0","2","1","0",0,0,0,0,0,1,0,14mar2020,6,3,2020,14,"West Midlands",0,31,3.433987,,,,0,1,0,0,0
"region","West Midlands","E12000005","2020-03-15",44,242,"West Midlands",242,"0","0","0","0","0","1","0","0","0","0","2","1","0",0,0,0,0,0,1,0,15mar2020,0,3,2020,15,"West Midlands",0,44,3.78419,.3502026,,,0,1,0,0,0
"region","West Midlands","E12000005","2020-03-16",56,298,"West Midlands",298,"0","1","1","0","0","1","0","0","0","0","2","1","0",0,1,1,0,0,1,0,16mar2020,1,3,2020,16,"West Midlands",0,56,4.025352,.2411618,,,0,1,0,0,0
"region","West Midlands","E12000005","2020-03-17",69,367,"West Midlands",367,"0","1","1","0","0","1","0","0","0","1","2","1","0",0,1,1,0,0,1,0,17mar2020,2,3,2020,17,"West Midlands",0,69,4.234107,.208755,,,0,1,0,0,0
"region","West Midlands","E12000005","2020-03-18",99,466,"West Midlands",466,"3","1","1","0","0","1","0","0","0","1","2","1","0",1,1,1,0,0,1,0,18mar2020,3,3,2020,18,"West Midlands",0,99,4.59512,.3610134,,,1,1,0,0,0
"region","West Midlands","E12000005","2020-03-19",123,589,"West Midlands",589,"3","1","1","0","0","1","0","0","0","2","2","1","0",1,1,1,0,0,1,0,19mar2020,4,3,2020,19,"West Midlands",0,123,4.812184,.2170644,,,1,1,0,0,0
"region","West Midlands","E12000005","2020-03-20",151,740,"West Midlands",740,"3","1","1","0","1","1","0","0","2","2","2","1","0",1,1,1,0,1,1,0,20mar2020,5,3,2020,20,"West Midlands",0,151,5.01728,.2050953,,,1,1,0,1,0
"region","West Midlands","E12000005","2020-03-21",125,865,"West Midlands",865,"3","2","2","0","1","1","0","0","2","2","2","1","0",1,1,1,0,1,1,0,21mar2020,6,3,2020,21,"West Midlands",0,125,4.828314,,,,1,1,0,1,0
"region","West Midlands","E12000005","2020-03-22",111,976,"West Midlands",976,"3","2","2","0","1","2","2","0","2","2","2","1","0",1,1,1,0,1,1,1,22mar2020,0,3,2020,22,"West Midlands",0,111,4.70953,,,,1,1,0,1,1
"region","West Midlands","E12000005","2020-03-23",240,1216,"West Midlands",1216,"3","2","2","4","1","2","2","0","2","2","2","1","0",1,1,1,1,1,1,1,23mar2020,1,3,2020,23,"West Midlands",0,240,5.480639,.7711086,,,1,1,1,1,1
"region","West Midlands","E12000005","2020-03-24",250,1466,"West Midlands",1466,"3","2","2","4","1","2","2","0","2","2","2","1","0",1,1,1,1,1,1,1,24mar2020,2,3,2020,24,"West Midlands",0,250,5.521461,.040822,,,1,1,1,1,1
"region","West Midlands","E12000005","2020-03-25",240,1706,"West Midlands",1706,"3","2","2","4","1","2","2","0","2","2","2","1","0",1,1,1,1,1,1,1,25mar2020,3,3,2020,25,"West Midlands",0,240,5.480639,,,,1,1,1,1,1
"region","West Midlands","E12000005","2020-03-26",313,2019,"West Midlands",2019,"3","2","2","4","1","2","2","0","2","2","2","1","0",1,1,1,1,1,1,1,26mar2020,4,3,2020,26,"West Midlands",0,313,5.746203,.2655644,,,1,1,1,1,1
"region","West Midlands","E12000005","2020-03-27",279,2298,"West Midlands",2298,"3","2","2","4","1","2","2","0","2","2","2","1","0",1,1,1,1,1,1,1,27mar2020,5,3,2020,27,"West Midlands",0,279,5.631212,,,,1,1,1,1,1
"region","West Midlands","E12000005","2020-03-28",323,2621,"West Midlands",2621,"3","2","2","4","1","2","2","0","2","2","2","1","0",1,1,1,1,1,1,1,28mar2020,6,3,2020,28,"West Midlands",0,323,5.777652,.1464405,,,1,1,1,1,1
"region","West Midlands","E12000005","2020-03-29",366,2987,"West Midlands",2987,"3","2","2","4","1","2","2","0","2","2","2","1","0",1,1,1,1,1,1,1,29mar2020,0,3,2020,29,"West Midlands",0,366,5.902633,.1249809,,,1,1,1,1,1
"region","West Midlands","E12000005","2020-03-30",431,3418,"West Midlands",3418,"3","2","2","4","1","2","2","0","2","2","2","1","0",1,1,1,1,1,1,1,30mar2020,1,3,2020,30,"West Midlands",0,431,6.066108,.163475,,,1,1,1,1,1
"region","West Midlands","E12000005","2020-03-31",412,3830,"West Midlands",3830,"3","2","2","4","1","2","2","0","2","2","2","1","0",1,1,1,1,1,1,1,31mar2020,2,3,2020,31,"West Midlands",0,412,6.021023,,,,1,1,1,1,1
"region","West Midlands","E12000005","2020-04-01",410,4240,"West Midlands",4240,"3","2","2","4","1","2","2","0","2","2","2","1","0",1,1,1,1,1,1,1,01apr2020,3,4,2020,1,"West Midlands",0,410,6.016157,,,,1,1,1,1,1
"region","West Midlands","E12000005","2020-04-02",447,4687,"West Midlands",4687,"3","2","2","4","1","2","2","0","2","2","2","1","0",1,1,1,1,1,1,1,02apr2020,4,4,2020,2,"West Midlands",0,447,6.102559,.0864015,,,1,1,1,1,1
"region","West Midlands","E12000005","2020-04-03",373,5060,"West Midlands",5060,"3","2","2","4","1","2","2","0","2","2","2","1","0",1,1,1,1,1,1,1,03apr2020,5,4,2020,3,"West Midlands",0,373,5.921578,,,,1,1,1,1,1
"region","West Midlands","E12000005","2020-04-04",346,5406,"West Midlands",5406,"3","2","2","4","1","2","2","0","2","2","2","1","0",1,1,1,1,1,1,1,04apr2020,6,4,2020,4,"West Midlands",0,346,5.846439,,,,1,1,1,1,1
"region","West Midlands","E12000005","2020-04-05",290,5696,"West Midlands",5696,"3","2","2","4","1","2","2","0","2","2","2","1","0",1,1,1,1,1,1,1,05apr2020,0,4,2020,5,"West Midlands",0,290,5.669881,,,,1,1,1,1,1
"region","West Midlands","E12000005","2020-04-06",360,6056,"West Midlands",6056,"3","2","2","4","1","2","2","0","2","2","2","1","0",1,1,1,1,1,1,1,06apr2020,1,4,2020,6,"West Midlands",0,360,5.886104,.2162232,,,1,1,1,1,1
"region","Yorkshire and The Humber","E12000003","2020-03-04",2,15,"Yorkshire and The Humber",15,"0","0","0","0","0","0","0","0","0","0","2","1","2",0,0,0,0,0,0,0,04mar2020,3,3,2020,4,"Yorkshire and The Humber",0,,,,,,0,0,0,0,0
"region","Yorkshire and The Humber","E12000003","2020-03-05",2,17,"Yorkshire and The Humber",17,"0","0","0","0","0","0","0","0","0","0","2","1","2",0,0,0,0,0,0,0,05mar2020,4,3,2020,5,"Yorkshire and The Humber",0,2,.6931472,,,,0,0,0,0,0
"region","Yorkshire and The Humber","E12000003","2020-03-06",2,19,"Yorkshire and The Humber",19,"0","0","0","0","0","0","0","0","0","0","2","1","2",0,0,0,0,0,0,0,06mar2020,5,3,2020,6,"Yorkshire and The Humber",0,2,.6931472,0,,,0,0,0,0,0
"region","Yorkshire and The Humber","E12000003","2020-03-07",5,24,"Yorkshire and The Humber",24,"0","0","0","0","0","0","0","0","0","0","2","1","2",0,0,0,0,0,0,0,07mar2020,6,3,2020,7,"Yorkshire and The Humber",0,5,1.609438,.9162908,,,0,0,0,0,0
"region","Yorkshire and The Humber","E12000003","2020-03-08",3,27,"Yorkshire and The Humber",27,"0","0","0","0","0","0","0","0","0","0","2","1","2",0,0,0,0,0,0,0,08mar2020,0,3,2020,8,"Yorkshire and The Humber",0,3,1.098612,,,,0,0,0,0,0
"region","Yorkshire and The Humber","E12000003","2020-03-09",7,34,"Yorkshire and The Humber",34,"0","0","0","0","0","0","0","0","0","0","2","1","2",0,0,0,0,0,0,0,09mar2020,1,3,2020,9,"Yorkshire and The Humber",0,7,1.94591,.8472978,,,0,0,0,0,0
"region","Yorkshire and The Humber","E12000003","2020-03-10",18,52,"Yorkshire and The Humber",52,"0","0","0","0","0","0","0","0","0","0","2","1","2",0,0,0,0,0,0,0,10mar2020,2,3,2020,10,"Yorkshire and The Humber",0,18,2.890372,.9444617,,,0,0,0,0,0
"region","Yorkshire and The Humber","E12000003","2020-03-11",10,62,"Yorkshire and The Humber",62,"0","0","0","0","0","0","0","0","0","0","2","1","2",0,0,0,0,0,0,0,11mar2020,3,3,2020,11,"Yorkshire and The Humber",0,10,2.302585,,,,0,0,0,0,0
"region","Yorkshire and The Humber","E12000003","2020-03-12",14,76,"Yorkshire and The Humber",76,"0","0","0","0","0","0","0","0","0","0","2","1","0",0,0,0,0,0,0,0,12mar2020,4,3,2020,12,"Yorkshire and The Humber",0,14,2.639057,.3364723,,,0,0,0,0,0
"region","Yorkshire and The Humber","E12000003","2020-03-13",12,88,"Yorkshire and The Humber",88,"0","0","0","0","0","1","0","0","0","0","2","1","0",0,0,0,0,0,1,0,13mar2020,5,3,2020,13,"Yorkshire and The Humber",0,12,2.484907,,,,0,1,0,0,0
"region","Yorkshire and The Humber","E12000003","2020-03-14",12,100,"Yorkshire and The Humber",100,"0","0","0","0","0","1","0","0","0","0","2","1","0",0,0,0,0,0,1,0,14mar2020,6,3,2020,14,"Yorkshire and The Humber",0,12,2.484907,0,,,0,1,0,0,0
"region","Yorkshire and The Humber","E12000003","2020-03-15",10,110,"Yorkshire and The Humber",110,"0","0","0","0","0","1","0","0","0","0","2","1","0",0,0,0,0,0,1,0,15mar2020,0,3,2020,15,"Yorkshire and The Humber",0,10,2.302585,,,,0,1,0,0,0
"region","Yorkshire and The Humber","E12000003","2020-03-16",28,138,"Yorkshire and The Humber",138,"0","1","1","0","0","1","0","0","0","0","2","1","0",0,1,1,0,0,1,0,16mar2020,1,3,2020,16,"Yorkshire and The Humber",0,28,3.332205,1.029619,,,0,1,0,0,0
"region","Yorkshire and The Humber","E12000003","2020-03-17",31,169,"Yorkshire and The Humber",169,"0","1","1","0","0","1","0","0","0","1","2","1","0",0,1,1,0,0,1,0,17mar2020,2,3,2020,17,"Yorkshire and The Humber",0,31,3.433987,.1017826,,,0,1,0,0,0
"region","Yorkshire and The Humber","E12000003","2020-03-18",46,215,"Yorkshire and The Humber",215,"3","1","1","0","0","1","0","0","0","1","2","1","0",1,1,1,0,0,1,0,18mar2020,3,3,2020,18,"Yorkshire and The Humber",0,46,3.828641,.3946543,,,1,1,0,0,0
"region","Yorkshire and The Humber","E12000003","2020-03-19",55,270,"Yorkshire and The Humber",270,"3","1","1","0","0","1","0","0","0","2","2","1","0",1,1,1,0,0,1,0,19mar2020,4,3,2020,19,"Yorkshire and The Humber",0,55,4.007333,.1786919,,,1,1,0,0,0
"region","Yorkshire and The Humber","E12000003","2020-03-20",59,329,"Yorkshire and The Humber",329,"3","1","1","0","1","1","0","0","2","2","2","1","0",1,1,1,0,1,1,0,20mar2020,5,3,2020,20,"Yorkshire and The Humber",0,59,4.077538,.0702043,,,1,1,0,1,0
"region","Yorkshire and The Humber","E12000003","2020-03-21",77,406,"Yorkshire and The Humber",406,"3","2","2","0","1","1","0","0","2","2","2","1","0",1,1,1,0,1,1,0,21mar2020,6,3,2020,21,"Yorkshire and The Humber",0,77,4.343805,.2662678,,,1,1,0,1,0
"region","Yorkshire and The Humber","E12000003","2020-03-22",95,501,"Yorkshire and The Humber",501,"3","2","2","0","1","2","2","0","2","2","2","1","0",1,1,1,0,1,1,1,22mar2020,0,3,2020,22,"Yorkshire and The Humber",0,95,4.553877,.2100716,,,1,1,0,1,1
"region","Yorkshire and The Humber","E12000003","2020-03-23",145,646,"Yorkshire and The Humber",646,"3","2","2","4","1","2","2","0","2","2","2","1","0",1,1,1,1,1,1,1,23mar2020,1,3,2020,23,"Yorkshire and The Humber",0,145,4.976734,.4228568,,,1,1,1,1,1
"region","Yorkshire and The Humber","E12000003","2020-03-24",156,802,"Yorkshire and The Humber",802,"3","2","2","4","1","2","2","0","2","2","2","1","0",1,1,1,1,1,1,1,24mar2020,2,3,2020,24,"Yorkshire and The Humber",0,156,5.049856,.0731225,,,1,1,1,1,1
"region","Yorkshire and The Humber","E12000003","2020-03-25",151,953,"Yorkshire and The Humber",953,"3","2","2","4","1","2","2","0","2","2","2","1","0",1,1,1,1,1,1,1,25mar2020,3,3,2020,25,"Yorkshire and The Humber",0,151,5.01728,,,,1,1,1,1,1
"region","Yorkshire and The Humber","E12000003","2020-03-26",179,1132,"Yorkshire and The Humber",1132,"3","2","2","4","1","2","2","0","2","2","2","1","0",1,1,1,1,1,1,1,26mar2020,4,3,2020,26,"Yorkshire and The Humber",0,179,5.187386,.1701064,,,1,1,1,1,1
"region","Yorkshire and The Humber","E12000003","2020-03-27",154,1286,"Yorkshire and The Humber",1286,"3","2","2","4","1","2","2","0","2","2","2","1","0",1,1,1,1,1,1,1,27mar2020,5,3,2020,27,"Yorkshire and The Humber",0,154,5.036952,,,,1,1,1,1,1
"region","Yorkshire and The Humber","E12000003","2020-03-28",207,1493,"Yorkshire and The Humber",1493,"3","2","2","4","1","2","2","0","2","2","2","1","0",1,1,1,1,1,1,1,28mar2020,6,3,2020,28,"Yorkshire and The Humber",0,207,5.332719,.2957664,,,1,1,1,1,1
"region","Yorkshire and The Humber","E12000003","2020-03-29",229,1722,"Yorkshire and The Humber",1722,"3","2","2","4","1","2","2","0","2","2","2","1","0",1,1,1,1,1,1,1,29mar2020,0,3,2020,29,"Yorkshire and The Humber",0,229,5.433722,.1010032,,,1,1,1,1,1
"region","Yorkshire and The Humber","E12000003","2020-03-30",285,2007,"Yorkshire and The Humber",2007,"3","2","2","4","1","2","2","0","2","2","2","1","0",1,1,1,1,1,1,1,30mar2020,1,3,2020,30,"Yorkshire and The Humber",0,285,5.652489,.2187672,,,1,1,1,1,1
"region","Yorkshire and The Humber","E12000003","2020-03-31",320,2327,"Yorkshire and The Humber",2327,"3","2","2","4","1","2","2","0","2","2","2","1","0",1,1,1,1,1,1,1,31mar2020,2,3,2020,31,"Yorkshire and The Humber",0,320,5.768321,.1158319,,,1,1,1,1,1
"region","Yorkshire and The Humber","E12000003","2020-04-01",298,2625,"Yorkshire and The Humber",2625,"3","2","2","4","1","2","2","0","2","2","2","1","0",1,1,1,1,1,1,1,01apr2020,3,4,2020,1,"Yorkshire and The Humber",0,298,5.697093,,,,1,1,1,1,1
"region","Yorkshire and The Humber","E12000003","2020-04-02",241,2866,"Yorkshire and The Humber",2866,"3","2","2","4","1","2","2","0","2","2","2","1","0",1,1,1,1,1,1,1,02apr2020,4,4,2020,2,"Yorkshire and The Humber",0,241,5.484797,,,,1,1,1,1,1
"region","Yorkshire and The Humber","E12000003","2020-04-03",293,3159,"Yorkshire and The Humber",3159,"3","2","2","4","1","2","2","0","2","2","2","1","0",1,1,1,1,1,1,1,03apr2020,5,4,2020,3,"Yorkshire and The Humber",0,293,5.680172,.1953754,,,1,1,1,1,1
"region","Yorkshire and The Humber","E12000003","2020-04-04",203,3362,"Yorkshire and The Humber",3362,"3","2","2","4","1","2","2","0","2","2","2","1","0",1,1,1,1,1,1,1,04apr2020,6,4,2020,4,"Yorkshire and The Humber",0,203,5.313206,,,,1,1,1,1,1
"region","Yorkshire and The Humber","E12000003","2020-04-05",219,3581,"Yorkshire and The Humber",3581,"3","2","2","4","1","2","2","0","2","2","2","1","0",1,1,1,1,1,1,1,05apr2020,0,4,2020,5,"Yorkshire and The Humber",0,219,5.389072,.0758657,,,1,1,1,1,1
"region","Yorkshire and The Humber","E12000003","2020-04-06",321,3902,"Yorkshire and The Humber",3902,"3","2","2","4","1","2","2","0","2","2","2","1","0",1,1,1,1,1,1,1,06apr2020,1,4,2020,6,"Yorkshire and The Humber",0,321,5.771441,.382369,,,1,1,1,1,1
